[{"model": "accounts.user", "pk": 1, "fields": {"password": "pbkdf2_sha256$260000$943xKfwGPxocyITGd5CiAw$26w3hbGszgbY2k9aMK6De6gCts/K/zq5+yPW6g48WMs=", "last_login": "2021-10-17T01:58:01.508Z", "is_superuser": true, "username": "admin", "is_staff": true, "is_active": true, "date_joined": "2021-08-31T03:01:36Z", "is_student": false, "is_tutor": false, "first_name": "Reinhard Kent", "last_name": "Demakiling", "email": "admin@gmail.com", "phone_number": "09060210225", "current_address": "pavia, iloilo", "image": "default_pic.jpg", "groups": [], "user_permissions": []}}, {"model": "accounts.user", "pk": 22, "fields": {"password": "pbkdf2_sha256$260000$yphQ4armAi42kRFtnnO2O2$THjnKRIxf7JddyR09BcJb/+dokwsTDFz2Qj1PijU/IQ=", "last_login": "2021-09-18T04:51:04Z", "is_superuser": false, "username": "janedoe", "is_staff": false, "is_active": true, "date_joined": "2021-09-09T14:28:48Z", "is_student": true, "is_tutor": false, "first_name": "jane", "last_name": "doe", "email": "reinhardkent.demakiling-16@cpu.edu.ph", "phone_number": "09060210225", "current_address": "pavia, iloilo", "image": "default_pic.jpg", "groups": [], "user_permissions": []}}, {"model": "accounts.user", "pk": 40, "fields": {"password": "pbkdf2_sha256$260000$hgFWkVRvfVegDL1VHwu5fY$hkS1OcvZn1bHProqonmlArEsSK2GxcC2KPulfBQK9CY=", "last_login": "2021-10-17T14:06:13.322Z", "is_superuser": false, "username": "joss", "is_staff": false, "is_active": true, "date_joined": "2021-10-07T11:52:06Z", "is_student": false, "is_tutor": true, "first_name": "joss", "last_name": "sticks", "email": "natelam646@xeiex.com", "phone_number": "09060210227", "current_address": "pavia, iloilo", "image": "Images/Profile_Pictures/Tutors/40-joss_sticks.jpg", "groups": [], "user_permissions": []}}, {"model": "accounts.user", "pk": 41, "fields": {"password": "pbkdf2_sha256$260000$IyZTMiPQyFZxh5TyVU6v8x$oeAs7XGRTTxtDWfNjzXAPm0f1ftvHQXrY2o4rpuf4gw=", "last_login": "2021-10-17T14:04:55.826Z", "is_superuser": false, "username": "jane", "is_staff": false, "is_active": true, "date_joined": "2021-10-08T02:40:47Z", "is_student": true, "is_tutor": false, "first_name": "jane", "last_name": "cush", "email": "deveg61784@ncdainfo.com", "phone_number": "09060210225", "current_address": "pavia, iloilo", "image": "Images/Profile_Pictures/Students/41-jane_cush.jpg", "groups": [], "user_permissions": []}}, {"model": "accounts.user", "pk": 42, "fields": {"password": "testing321", "last_login": null, "is_superuser": false, "username": "john", "is_staff": false, "is_active": true, "date_joined": "2021-10-11T05:51:34Z", "is_student": false, "is_tutor": true, "first_name": "john", "last_name": "doe", "email": "likice2157@wawue.com", "phone_number": "09060210227", "current_address": "pavia, iloilo", "image": "Images/Profile_Pictures/Tutors/42-john_doe.jpg", "groups": [], "user_permissions": []}}, {"model": "accounts.user", "pk": 44, "fields": {"password": "pbkdf2_sha256$260000$2GXQjAO5hXWVCJMHwzhejz$nL7FxLmSmfpS0lf0+5Ck1rM5bDn2ZNybRcZp2pwTTpw=", "last_login": "2021-10-17T07:01:27.346Z", "is_superuser": false, "username": "james", "is_staff": false, "is_active": true, "date_joined": "2021-10-15T08:06:46Z", "is_student": false, "is_tutor": true, "first_name": "james", "last_name": "bond", "email": "jamesbond@gmail.com", "phone_number": "09060210227", "current_address": "pavia, iloilo", "image": "default_pic.jpg", "groups": [], "user_permissions": []}}, {"model": "accounts.studentprofile", "pk": 18, "fields": {"user": 22, "has_bookings": false}}, {"model": "accounts.studentprofile", "pk": 19, "fields": {"user": 41, "has_bookings": false}}, {"model": "accounts.tutorprofile", "pk": 1, "fields": {"user": 1, "profile_headline": null, "bio": null, "is_validated": false, "hourly_rate": "0.00", "has_bookings": false, "programming_languages": "", "availability": ""}}, {"model": "accounts.tutorprofile", "pk": 22, "fields": {"user": 40, "profile_headline": "Experienced developer  and programming tutor", "bio": "Lorem ipsum dolor sit amet, consectetur adipiscing elit, sed do eiusmod tempor incididunt ut labore et dolore magna aliqua. Ut enim ad minim veniam, quis nostrud exercitation ullamco laboris nisi ut aliquip ex ea commodo consequat. Duis aute irure dolor in reprehenderit in voluptate velit esse cillum dolore eu fugiat nulla pariatur. Excepteur sint occaecat cupidatat non proident, sunt in culpa qui officia deserunt mollit anim id est laborum.", "is_validated": true, "hourly_rate": "200.00", "has_bookings": false, "programming_languages": "Python,Java,PHP", "availability": "Monday,Tuesday,Saturday,Sunday"}}, {"model": "accounts.tutorprofile", "pk": 23, "fields": {"user": 42, "profile_headline": "Java and C# Programming Tutor", "bio": "Lorem ipsum dolor sit amet, consectetur adipiscing elit, sed do eiusmod tempor incididunt ut labore et dolore magna aliqua. Ut enim ad minim veniam, quis nostrud exercitation ullamco laboris nisi ut aliquip ex ea commodo consequat. Duis aute irure dolor in reprehenderit in voluptate velit esse cillum dolore eu fugiat nulla pariatur. Excepteur sint occaecat cupidatat non proident, sunt in culpa qui officia deserunt mollit anim id est laborum.", "is_validated": true, "hourly_rate": "200.00", "has_bookings": false, "programming_languages": "Java,C#", "availability": "Monday,Tuesday,Wednesday,Thursday,Friday,Saturday,Sunday"}}, {"model": "accounts.tutorprofile", "pk": 24, "fields": {"user": 44, "profile_headline": null, "bio": null, "is_validated": true, "hourly_rate": "0.00", "has_bookings": false, "programming_languages": "", "availability": ""}}, {"model": "accounts.application", "pk": 34, "fields": {"user": 40, "valid_id": "Application_Forms/Portfolio/joss.PNG", "selfie": "Application_Forms/Portfolio/joss_8N6Sn31.PNG", "portfolio": "Application_Forms/Portfolio/joss_YK5JQje.PNG"}}, {"model": "accounts.application", "pk": 35, "fields": {"user": 42, "valid_id": "", "selfie": "", "portfolio": ""}}, {"model": "accounts.application", "pk": 36, "fields": {"user": 44, "valid_id": "", "selfie": "", "portfolio": ""}}, {"model": "accounts.bookings", "pk": 10, "fields": {"student_id": 19, "tutor_id": 22, "subject": "Javascript", "student_msg": "asdasda"}}, {"model": "classroom.classroom", "pk": 1, "fields": {"bookings": null, "name": "1st Class", "slug": "1st-class", "description": "Lorem ipsum dolor sit amet, consectetur adipisicing elit. Quasi voluptat hic provident nulla repellat\r\nfacere esse molestiae ipsa labore porro minima quam quaerat rem, natus repudiandae debitis est sit pariatur."}}, {"model": "classroom.classroom", "pk": 2, "fields": {"bookings": null, "name": "2nd Class", "slug": "2nd-class", "description": "Lorem ipsum dolor sit amet, consectetur adipisicing elit. Quasi voluptat hic provident nulla repellat\r\nfacere esse molestiae ipsa labore porro minima quam quaerat rem, natus repudiandae debitis est sit pariatur."}}, {"model": "classroom.classroom", "pk": 3, "fields": {"bookings": null, "name": "3rd Class", "slug": "3rd-class", "description": "Lorem ipsum dolor sit amet, consectetur adipisicing elit. Quasi voluptat hic provident nulla repellat\r\nfacere esse molestiae ipsa labore porro minima quam quaerat rem, natus repudiandae debitis est sit pariatur."}}, {"model": "classroom.classroom", "pk": 4, "fields": {"bookings": null, "name": "4th Class", "slug": "4th-class", "description": "Lorem ipsum dolor sit amet, consectetur adipisicing elit. Quasi voluptat hic provident nulla repellat\r\nfacere esse molestiae ipsa labore porro minima quam quaerat rem, natus repudiandae debitis est sit pariatur."}}, {"model": "classroom.classroom", "pk": 5, "fields": {"bookings": null, "name": "5th Class", "slug": "5th-class", "description": "Lorem ipsum dolor sit amet, consectetur adipisicing elit. Quasi voluptat hic provident nulla repellat\r\nfacere esse molestiae ipsa labore porro minima quam quaerat rem, natus repudiandae debitis est sit pariatur."}}, {"model": "classroom.classroom", "pk": 6, "fields": {"bookings": null, "name": "6th Class", "slug": "6th-class", "description": "Lorem ipsum dolor sit amet, consectetur adipisicing elit. Quasi voluptat hic provident nulla repellat\r\nfacere esse molestiae ipsa labore porro minima quam quaerat rem, natus repudiandae debitis est sit pariatur."}}, {"model": "classroom.classroom", "pk": 7, "fields": {"bookings": null, "name": "7th Class", "slug": "7th-class", "description": "Lorem ipsum dolor sit amet, consectetur adipisicing elit. Quasi voluptat hic provident nulla repellat\r\nfacere esse molestiae ipsa labore porro minima quam quaerat rem, natus repudiandae debitis est sit pariatur."}}, {"model": "classroom.subject", "pk": 1, "fields": {"subject_id": "1-Python", "name": "Python", "slug": "1-python", "classroom": 1, "image": "Images/Subject_Pictures/1-Python.png", "description": "Python is an interpreted high-level general-purpose programming language."}}, {"model": "classroom.subject", "pk": 2, "fields": {"subject_id": "2-Javascript", "name": "Javascript", "slug": "2-javascript", "classroom": 1, "image": "Images/Subject_Pictures/2-Javascript.png", "description": "JavaScript, often abbreviated as JS, is a programming language that conforms to the ECMAScript specification."}}, {"model": "classroom.subject", "pk": 3, "fields": {"subject_id": "3-PHP", "name": "PHP", "slug": "3-php", "classroom": 1, "image": "Images/Subject_Pictures/3-PHP.png", "description": "PHP is a general-purpose scripting language geared towards web development."}}, {"model": "classroom.subject", "pk": 4, "fields": {"subject_id": "4-Java", "name": "Java", "slug": "4-java", "classroom": 1, "image": "Images/Subject_Pictures/4-Java.png", "description": "Java is a high-level, class-based, object-oriented programming language that is designed to have as few implementation dependencies as possible."}}, {"model": "classroom.subject", "pk": 5, "fields": {"subject_id": "5-Csharp", "name": "C#", "slug": "5-csharp", "classroom": 1, "image": "Images/Subject_Pictures/5-Csharp.png", "description": "C# is a general-purpose, multi-paradigm programming language encompassing static typing, strong typing, lexically scoped, imperative, declarative, functional, generic, object-oriented, and component-oriented programming disciplines."}}, {"model": "classroom.subject", "pk": 6, "fields": {"subject_id": "6-SQL", "name": "SQL", "slug": "6-sql", "classroom": 1, "image": "Images/Subject_Pictures/6-SQL.jpg", "description": "Lorem ipsum dolor sit amet, consectetur adipiscing elit, sed do eiusmod tempor incididunt ut labore et dolore magna aliqua. Ut enim ad minim veniam, quis nostrud exercitation ullamco laboris nisi ut aliquip ex ea commodo consequat. Duis aute irure dolor in reprehenderit in voluptate velit esse cillum dolore eu fugiat nulla pariatur."}}, {"model": "classroom.subject", "pk": 7, "fields": {"subject_id": "7-swift", "name": "Swift", "slug": "7-swift", "classroom": 1, "image": "Images/Subject_Pictures/7-swift.png", "description": "Lorem ipsum dolor sit amet, consectetur adipiscing elit, sed do eiusmod tempor incididunt ut labore et dolore magna aliqua. Ut enim ad minim veniam, quis nostrud exercitation ullamco laboris nisi ut aliquip ex ea commodo consequat. Duis aute irure dolor in reprehenderit in voluptate velit esse cillum dolore eu fugiat nulla pariatur."}}, {"model": "classroom.lesson", "pk": 1, "fields": {"lesson_id": "1-python setup-1", "Classroom": 1, "created_by": 1, "created_at": "2021-08-31T08:03:02.733Z", "subject": 1, "name": "Python Setup", "position": 1, "slug": "python-setup", "video": "Images/lesson_files/1-python setup-1/1-python_setup-1.mp4", "ppt": "Images/lesson_files/1-python setup-1/1-python_setup-1.pptx", "Notes": "Images/lesson_files/1-python setup-1/1-python_setup-1.txt"}}, {"model": "classroom.lesson", "pk": 2, "fields": {"lesson_id": "1-python object and data structure-2", "Classroom": 1, "created_by": 1, "created_at": "2021-08-31T08:03:47.983Z", "subject": 1, "name": "Python Object and Data Structure Basics", "position": 2, "slug": "python-object-and-data-structure-basics", "video": "Images/lesson_files/1-python object and data structure-2/1-python_object_and_data_structure-2.mp4", "ppt": "Images/lesson_files/1-python object and data structure-2/1-python_object_and_data_structure-2.pptx", "Notes": ""}}, {"model": "classroom.lesson", "pk": 3, "fields": {"lesson_id": "1-python comparison operators-3", "Classroom": 1, "created_by": 1, "created_at": "2021-08-31T08:04:21.886Z", "subject": 1, "name": "Python Comparison Operators", "position": 3, "slug": "python-comparison-operators", "video": "Images/lesson_files/1-python comparison operators-3/1-python_comparison_operators-3.mp4", "ppt": "Images/lesson_files/1-python comparison operators-3/1-python_comparison_operators-3.pptx", "Notes": "Images/lesson_files/1-python comparison operators-3/1-python_comparison_operators-3.txt"}}, {"model": "classroom.lesson", "pk": 4, "fields": {"lesson_id": "1-python statements-4", "Classroom": 1, "created_by": 1, "created_at": "2021-08-31T08:04:56.730Z", "subject": 1, "name": "Python Statements", "position": 4, "slug": "python-statements", "video": "Images/lesson_files/1-python statements-4/1-python_statements-4.mp4", "ppt": "Images/lesson_files/1-python statements-4/1-python_statements-4.pptx", "Notes": "Images/lesson_files/1-python statements-4/1-python_statements-4.txt"}}, {"model": "classroom.lesson", "pk": 5, "fields": {"lesson_id": "1-methods and functions-5", "Classroom": 1, "created_by": 1, "created_at": "2021-08-31T08:05:28.407Z", "subject": 1, "name": "Method and Fuctions", "position": 5, "slug": "method-and-fuctions", "video": "Images/lesson_files/1-methods and functions-5/1-methods_and_functions-5.mp4", "ppt": "Images/lesson_files/1-methods and functions-5/1-methods_and_functions-5.pptx", "Notes": "Images/lesson_files/1-methods and functions-5/1-methods_and_functions-5.txt"}}, {"model": "classroom.lesson", "pk": 6, "fields": {"lesson_id": "1-modules and packages-6", "Classroom": 1, "created_by": 1, "created_at": "2021-08-31T08:06:07.179Z", "subject": 1, "name": "Modules and Packages", "position": 6, "slug": "modules-and-packages", "video": "Images/lesson_files/1-modules and packages-6/1-modules_and_packages-6.mp4", "ppt": "Images/lesson_files/1-modules and packages-6/1-modules_and_packages-6.pptx", "Notes": "Images/lesson_files/1-modules and packages-6/1-modules_and_packages-6.txt"}}, {"model": "classroom.lesson", "pk": 7, "fields": {"lesson_id": "1-errors and exceptions handling-7", "Classroom": 1, "created_by": 1, "created_at": "2021-08-31T08:06:56.973Z", "subject": 1, "name": "Errors and Exceptions Handling", "position": 7, "slug": "errors-and-exceptions-handling", "video": "Images/lesson_files/1-errors and exceptions handling-7/1-errors_and_exceptions_handling-7.mp4", "ppt": "Images/lesson_files/1-errors and exceptions handling-7/1-errors_and_exceptions_handling-7.pptx", "Notes": "Images/lesson_files/1-errors and exceptions handling-7/1-errors_and_exceptions_handling-7.txt"}}, {"model": "classroom.lesson", "pk": 8, "fields": {"lesson_id": "1-object oriented programming-8", "Classroom": 1, "created_by": 1, "created_at": "2021-08-31T08:07:24.289Z", "subject": 1, "name": "Object Oriented Programming", "position": 8, "slug": "object-oriented-programming", "video": "Images/lesson_files/1-object oriented programming-8/1-object_oriented_programming-8.mp4", "ppt": "Images/lesson_files/1-object oriented programming-8/1-object_oriented_programming-8.pptx", "Notes": "Images/lesson_files/1-object oriented programming-8/1-object_oriented_programming-8.txt"}}, {"model": "classroom.lesson", "pk": 9, "fields": {"lesson_id": "1-python decorators-9", "Classroom": 1, "created_by": 1, "created_at": "2021-08-31T08:08:02.685Z", "subject": 1, "name": "Python Decorators", "position": 9, "slug": "python-decorators", "video": "Images/lesson_files/1-python decorators-9/1-python_decorators-9.mp4", "ppt": "Images/lesson_files/1-python decorators-9/1-python_decorators-9.pptx", "Notes": "Images/lesson_files/1-python decorators-9/1-python_decorators-9.txt"}}, {"model": "classroom.lesson", "pk": 10, "fields": {"lesson_id": "1-python generators-10", "Classroom": 1, "created_by": 1, "created_at": "2021-08-31T08:08:27.480Z", "subject": 1, "name": "Python Generators", "position": 10, "slug": "python-generators", "video": "Images/lesson_files/1-python generators-10/1-python_generators-10.mp4", "ppt": "Images/lesson_files/1-python generators-10/1-python_generators-10.pptx", "Notes": "Images/lesson_files/1-python generators-10/1-python_generators-10.txt"}}, {"model": "classroom.lesson", "pk": 11, "fields": {"lesson_id": "1-advance python modules-11", "Classroom": 1, "created_by": 1, "created_at": "2021-08-31T08:08:53.578Z", "subject": 1, "name": "Advance Python Modules", "position": 11, "slug": "advance-python-modules", "video": "Images/lesson_files/1-advance python modules-11/1-advance_python_modules-11.mp4", "ppt": "Images/lesson_files/1-advance python modules-11/1-advance_python_modules-11.pptx", "Notes": "Images/lesson_files/1-advance python modules-11/1-advance_python_modules-11.txt"}}, {"model": "classroom.lesson", "pk": 12, "fields": {"lesson_id": "1-advance python objects and data structures-12", "Classroom": 1, "created_by": 1, "created_at": "2021-08-31T08:09:17.780Z", "subject": 1, "name": "Advance Python Objects and Data Structures", "position": 12, "slug": "advance-python-objects-and-data-structures", "video": "Images/lesson_files/1-advance python objects and data structures-12/1-advance_python_obj_Ay502Mm.mp4", "ppt": "Images/lesson_files/1-advance python objects and data structures-12/1-advance_python_ob_ULijmOV.pptx", "Notes": "Images/lesson_files/1-advance python objects and data structures-12/1-advance_python_obj_HvvPYys.txt"}}, {"model": "classroom.workingdays", "pk": 1, "fields": {"classroom": 1, "day": "Monday"}}, {"model": "classroom.workingdays", "pk": 2, "fields": {"classroom": 2, "day": "Tuesday"}}, {"model": "classroom.workingdays", "pk": 3, "fields": {"classroom": 1, "day": "Wednesy"}}, {"model": "classroom.workingdays", "pk": 4, "fields": {"classroom": 1, "day": "Thursday"}}, {"model": "classroom.workingdays", "pk": 5, "fields": {"classroom": 1, "day": "Friday"}}, {"model": "classroom.timeslots", "pk": 1, "fields": {"classroom": 1, "start_time": "08:00:00", "end_time": "09:00:00"}}, {"model": "classroom.timeslots", "pk": 2, "fields": {"classroom": 1, "start_time": "09:00:00", "end_time": "10:00:00"}}, {"model": "classroom.timeslots", "pk": 3, "fields": {"classroom": 1, "start_time": "10:00:00", "end_time": "11:00:00"}}, {"model": "classroom.timeslots", "pk": 4, "fields": {"classroom": 1, "start_time": "11:00:00", "end_time": "12:00:00"}}, {"model": "classroom.timeslots", "pk": 5, "fields": {"classroom": 1, "start_time": "12:00:00", "end_time": "13:00:00"}}, {"model": "classroom.timeslots", "pk": 6, "fields": {"classroom": 1, "start_time": "13:00:00", "end_time": "14:00:00"}}, {"model": "classroom.timeslots", "pk": 7, "fields": {"classroom": 1, "start_time": "14:00:00", "end_time": "15:00:00"}}, {"model": "classroom.slotsubject", "pk": 1, "fields": {"classroom": 1, "day": 1, "slot": 1, "slot_subject": 1}}, {"model": "classroom.slotsubject", "pk": 2, "fields": {"classroom": 1, "day": 1, "slot": 2, "slot_subject": 2}}, {"model": "classroom.slotsubject", "pk": 3, "fields": {"classroom": 1, "day": 1, "slot": 3, "slot_subject": 3}}, {"model": "classroom.slotsubject", "pk": 4, "fields": {"classroom": 1, "day": 1, "slot": 4, "slot_subject": 4}}, {"model": "classroom.slotsubject", "pk": 5, "fields": {"classroom": 1, "day": 1, "slot": 5, "slot_subject": 5}}, {"model": "classroom.slotsubject", "pk": 6, "fields": {"classroom": 1, "day": 1, "slot": 6, "slot_subject": 5}}, {"model": "classroom.slotsubject", "pk": 7, "fields": {"classroom": 1, "day": 1, "slot": 7, "slot_subject": 7}}, {"model": "classroom.slotsubject", "pk": 8, "fields": {"classroom": 1, "day": 2, "slot": 1, "slot_subject": 1}}, {"model": "classroom.slotsubject", "pk": 9, "fields": {"classroom": 1, "day": 2, "slot": 2, "slot_subject": 2}}, {"model": "classroom.slotsubject", "pk": 10, "fields": {"classroom": 1, "day": 2, "slot": 3, "slot_subject": 3}}, {"model": "classroom.slotsubject", "pk": 12, "fields": {"classroom": 1, "day": 2, "slot": 4, "slot_subject": 4}}, {"model": "classroom.slotsubject", "pk": 13, "fields": {"classroom": 1, "day": 2, "slot": 5, "slot_subject": 5}}, {"model": "classroom.slotsubject", "pk": 14, "fields": {"classroom": 1, "day": 2, "slot": 6, "slot_subject": 6}}, {"model": "classroom.slotsubject", "pk": 16, "fields": {"classroom": 1, "day": 2, "slot": 7, "slot_subject": 7}}, {"model": "classroom.slotsubject", "pk": 17, "fields": {"classroom": 1, "day": 3, "slot": 1, "slot_subject": 1}}, {"model": "classroom.slotsubject", "pk": 18, "fields": {"classroom": 1, "day": 3, "slot": 2, "slot_subject": 2}}, {"model": "classroom.slotsubject", "pk": 19, "fields": {"classroom": 1, "day": 3, "slot": 3, "slot_subject": 3}}, {"model": "classroom.slotsubject", "pk": 20, "fields": {"classroom": 1, "day": 3, "slot": 4, "slot_subject": 4}}, {"model": "classroom.slotsubject", "pk": 21, "fields": {"classroom": 1, "day": 3, "slot": 5, "slot_subject": 5}}, {"model": "classroom.slotsubject", "pk": 22, "fields": {"classroom": 1, "day": 3, "slot": 6, "slot_subject": 6}}, {"model": "classroom.slotsubject", "pk": 23, "fields": {"classroom": 1, "day": 3, "slot": 7, "slot_subject": 7}}, {"model": "classroom.slotsubject", "pk": 24, "fields": {"classroom": 1, "day": 4, "slot": 1, "slot_subject": 1}}, {"model": "classroom.slotsubject", "pk": 25, "fields": {"classroom": 1, "day": 4, "slot": 2, "slot_subject": 2}}, {"model": "classroom.slotsubject", "pk": 26, "fields": {"classroom": 1, "day": 4, "slot": 3, "slot_subject": 3}}, {"model": "classroom.slotsubject", "pk": 27, "fields": {"classroom": 1, "day": 4, "slot": 4, "slot_subject": 4}}, {"model": "classroom.slotsubject", "pk": 28, "fields": {"classroom": 1, "day": 4, "slot": 5, "slot_subject": 5}}, {"model": "classroom.slotsubject", "pk": 29, "fields": {"classroom": 1, "day": 4, "slot": 6, "slot_subject": 6}}, {"model": "classroom.slotsubject", "pk": 31, "fields": {"classroom": 1, "day": 4, "slot": 7, "slot_subject": 7}}, {"model": "classroom.slotsubject", "pk": 32, "fields": {"classroom": 1, "day": 5, "slot": 1, "slot_subject": 1}}, {"model": "classroom.slotsubject", "pk": 33, "fields": {"classroom": 1, "day": 5, "slot": 2, "slot_subject": 2}}, {"model": "classroom.slotsubject", "pk": 34, "fields": {"classroom": 1, "day": 5, "slot": 3, "slot_subject": 3}}, {"model": "classroom.slotsubject", "pk": 35, "fields": {"classroom": 1, "day": 5, "slot": 4, "slot_subject": 4}}, {"model": "classroom.slotsubject", "pk": 36, "fields": {"classroom": 1, "day": 5, "slot": 5, "slot_subject": 5}}, {"model": "classroom.slotsubject", "pk": 37, "fields": {"classroom": 1, "day": 5, "slot": 6, "slot_subject": 6}}, {"model": "classroom.slotsubject", "pk": 38, "fields": {"classroom": 1, "day": 5, "slot": 7, "slot_subject": 7}}, {"model": "classroom.comment", "pk": 1, "fields": {"lesson_name": 1, "comm_name": "comment-by-adminnone", "author": 1, "body": "test", "date_added": "2021-08-31T08:16:01.528Z"}}, {"model": "classroom.reply", "pk": 1, "fields": {"comment_name": 1, "reply_body": "test", "author": 1, "date_added": "2021-08-31T08:16:07.087Z"}}, {"model": "admin.logentry", "pk": 1, "fields": {"action_time": "2021-08-31T03:11:10.029Z", "user": 1, "content_type": 1, "object_id": "2", "object_repr": "tutor", "action_flag": 3, "change_message": ""}}, {"model": "admin.logentry", "pk": 2, "fields": {"action_time": "2021-08-31T06:48:30.433Z", "user": 1, "content_type": 17, "object_id": "1", "object_repr": "1st Class", "action_flag": 1, "change_message": "[{\"added\": {}}]"}}, {"model": "admin.logentry", "pk": 3, "fields": {"action_time": "2021-08-31T07:38:15.416Z", "user": 1, "content_type": 17, "object_id": "2", "object_repr": "2nd Class", "action_flag": 1, "change_message": "[{\"added\": {}}]"}}, {"model": "admin.logentry", "pk": 4, "fields": {"action_time": "2021-08-31T07:38:44.861Z", "user": 1, "content_type": 17, "object_id": "3", "object_repr": "3rd Class", "action_flag": 1, "change_message": "[{\"added\": {}}]"}}, {"model": "admin.logentry", "pk": 5, "fields": {"action_time": "2021-08-31T07:39:00.302Z", "user": 1, "content_type": 17, "object_id": "4", "object_repr": "4th Class", "action_flag": 1, "change_message": "[{\"added\": {}}]"}}, {"model": "admin.logentry", "pk": 6, "fields": {"action_time": "2021-08-31T07:39:14.027Z", "user": 1, "content_type": 17, "object_id": "5", "object_repr": "5th Class", "action_flag": 1, "change_message": "[{\"added\": {}}]"}}, {"model": "admin.logentry", "pk": 7, "fields": {"action_time": "2021-08-31T07:39:25.226Z", "user": 1, "content_type": 17, "object_id": "6", "object_repr": "6th Class", "action_flag": 1, "change_message": "[{\"added\": {}}]"}}, {"model": "admin.logentry", "pk": 8, "fields": {"action_time": "2021-08-31T07:39:40.564Z", "user": 1, "content_type": 17, "object_id": "7", "object_repr": "7th Class", "action_flag": 1, "change_message": "[{\"added\": {}}]"}}, {"model": "admin.logentry", "pk": 9, "fields": {"action_time": "2021-08-31T07:40:08.403Z", "user": 1, "content_type": 11, "object_id": "1", "object_repr": "Monday", "action_flag": 1, "change_message": "[{\"added\": {}}]"}}, {"model": "admin.logentry", "pk": 10, "fields": {"action_time": "2021-08-31T07:40:18.823Z", "user": 1, "content_type": 11, "object_id": "2", "object_repr": "Tuesday", "action_flag": 1, "change_message": "[{\"added\": {}}]"}}, {"model": "admin.logentry", "pk": 11, "fields": {"action_time": "2021-08-31T07:40:25.532Z", "user": 1, "content_type": 11, "object_id": "3", "object_repr": "Wednesy", "action_flag": 1, "change_message": "[{\"added\": {}}]"}}, {"model": "admin.logentry", "pk": 12, "fields": {"action_time": "2021-08-31T07:40:32.835Z", "user": 1, "content_type": 11, "object_id": "4", "object_repr": "Thursday", "action_flag": 1, "change_message": "[{\"added\": {}}]"}}, {"model": "admin.logentry", "pk": 13, "fields": {"action_time": "2021-08-31T07:40:38.977Z", "user": 1, "content_type": 11, "object_id": "5", "object_repr": "Friday", "action_flag": 1, "change_message": "[{\"added\": {}}]"}}, {"model": "admin.logentry", "pk": 14, "fields": {"action_time": "2021-08-31T07:41:20.299Z", "user": 1, "content_type": 16, "object_id": "1", "object_repr": "08:00:00 - 09:00:00", "action_flag": 1, "change_message": "[{\"added\": {}}]"}}, {"model": "admin.logentry", "pk": 15, "fields": {"action_time": "2021-08-31T07:41:46.079Z", "user": 1, "content_type": 16, "object_id": "2", "object_repr": "09:00:00 - 10:00:00", "action_flag": 1, "change_message": "[{\"added\": {}}]"}}, {"model": "admin.logentry", "pk": 16, "fields": {"action_time": "2021-08-31T07:41:57.716Z", "user": 1, "content_type": 16, "object_id": "3", "object_repr": "10:00:00 - 11:00:00", "action_flag": 1, "change_message": "[{\"added\": {}}]"}}, {"model": "admin.logentry", "pk": 17, "fields": {"action_time": "2021-08-31T07:42:10.877Z", "user": 1, "content_type": 16, "object_id": "4", "object_repr": "11:00:00 - 12:00:00", "action_flag": 1, "change_message": "[{\"added\": {}}]"}}, {"model": "admin.logentry", "pk": 18, "fields": {"action_time": "2021-08-31T07:42:28.821Z", "user": 1, "content_type": 16, "object_id": "5", "object_repr": "12:00:00 - 13:00:00", "action_flag": 1, "change_message": "[{\"added\": {}}]"}}, {"model": "admin.logentry", "pk": 19, "fields": {"action_time": "2021-08-31T07:42:43.717Z", "user": 1, "content_type": 16, "object_id": "6", "object_repr": "13:00:00 - 14:00:00", "action_flag": 1, "change_message": "[{\"added\": {}}]"}}, {"model": "admin.logentry", "pk": 20, "fields": {"action_time": "2021-08-31T07:42:51.148Z", "user": 1, "content_type": 16, "object_id": "7", "object_repr": "14:00:00 - 15:00:00", "action_flag": 1, "change_message": "[{\"added\": {}}]"}}, {"model": "admin.logentry", "pk": 21, "fields": {"action_time": "2021-08-31T07:44:27.433Z", "user": 1, "content_type": 15, "object_id": "1", "object_repr": "Python", "action_flag": 1, "change_message": "[{\"added\": {}}]"}}, {"model": "admin.logentry", "pk": 22, "fields": {"action_time": "2021-08-31T07:44:57.251Z", "user": 1, "content_type": 15, "object_id": "2", "object_repr": "Javascript", "action_flag": 1, "change_message": "[{\"added\": {}}]"}}, {"model": "admin.logentry", "pk": 23, "fields": {"action_time": "2021-08-31T07:45:19.072Z", "user": 1, "content_type": 15, "object_id": "3", "object_repr": "PHP", "action_flag": 1, "change_message": "[{\"added\": {}}]"}}, {"model": "admin.logentry", "pk": 24, "fields": {"action_time": "2021-08-31T07:46:01.128Z", "user": 1, "content_type": 15, "object_id": "4", "object_repr": "Java", "action_flag": 1, "change_message": "[{\"added\": {}}]"}}, {"model": "admin.logentry", "pk": 25, "fields": {"action_time": "2021-08-31T07:46:53.726Z", "user": 1, "content_type": 15, "object_id": "5", "object_repr": "C#", "action_flag": 1, "change_message": "[{\"added\": {}}]"}}, {"model": "admin.logentry", "pk": 26, "fields": {"action_time": "2021-08-31T07:47:33.528Z", "user": 1, "content_type": 15, "object_id": "6", "object_repr": "SQL", "action_flag": 1, "change_message": "[{\"added\": {}}]"}}, {"model": "admin.logentry", "pk": 27, "fields": {"action_time": "2021-08-31T07:48:03.640Z", "user": 1, "content_type": 15, "object_id": "7", "object_repr": "Swift", "action_flag": 1, "change_message": "[{\"added\": {}}]"}}, {"model": "admin.logentry", "pk": 28, "fields": {"action_time": "2021-08-31T07:49:14.780Z", "user": 1, "content_type": 14, "object_id": "1", "object_repr": "1st Class - Monday - 08:00:00 - 09:00:00 - Python", "action_flag": 1, "change_message": "[{\"added\": {}}]"}}, {"model": "admin.logentry", "pk": 29, "fields": {"action_time": "2021-08-31T07:49:55.590Z", "user": 1, "content_type": 14, "object_id": "2", "object_repr": "1st Class - Monday - 09:00:00 - 10:00:00 - Javascript", "action_flag": 1, "change_message": "[{\"added\": {}}]"}}, {"model": "admin.logentry", "pk": 30, "fields": {"action_time": "2021-08-31T07:51:27.261Z", "user": 1, "content_type": 14, "object_id": "3", "object_repr": "1st Class - Monday - 10:00:00 - 11:00:00 - PHP", "action_flag": 1, "change_message": "[{\"added\": {}}]"}}, {"model": "admin.logentry", "pk": 31, "fields": {"action_time": "2021-08-31T07:51:39.302Z", "user": 1, "content_type": 14, "object_id": "4", "object_repr": "1st Class - Monday - 11:00:00 - 12:00:00 - Java", "action_flag": 1, "change_message": "[{\"added\": {}}]"}}, {"model": "admin.logentry", "pk": 32, "fields": {"action_time": "2021-08-31T07:52:29.924Z", "user": 1, "content_type": 14, "object_id": "5", "object_repr": "1st Class - Monday - 12:00:00 - 13:00:00 - C#", "action_flag": 1, "change_message": "[{\"added\": {}}]"}}, {"model": "admin.logentry", "pk": 33, "fields": {"action_time": "2021-08-31T07:52:46.167Z", "user": 1, "content_type": 14, "object_id": "6", "object_repr": "1st Class - Monday - 13:00:00 - 14:00:00 - C#", "action_flag": 1, "change_message": "[{\"added\": {}}]"}}, {"model": "admin.logentry", "pk": 34, "fields": {"action_time": "2021-08-31T07:52:56.777Z", "user": 1, "content_type": 14, "object_id": "7", "object_repr": "1st Class - Monday - 14:00:00 - 15:00:00 - Swift", "action_flag": 1, "change_message": "[{\"added\": {}}]"}}, {"model": "admin.logentry", "pk": 35, "fields": {"action_time": "2021-08-31T07:53:10.828Z", "user": 1, "content_type": 14, "object_id": "8", "object_repr": "1st Class - Tuesday - 08:00:00 - 09:00:00 - Python", "action_flag": 1, "change_message": "[{\"added\": {}}]"}}, {"model": "admin.logentry", "pk": 36, "fields": {"action_time": "2021-08-31T07:53:22.856Z", "user": 1, "content_type": 14, "object_id": "9", "object_repr": "1st Class - Tuesday - 09:00:00 - 10:00:00 - Javascript", "action_flag": 1, "change_message": "[{\"added\": {}}]"}}, {"model": "admin.logentry", "pk": 37, "fields": {"action_time": "2021-08-31T07:53:30.144Z", "user": 1, "content_type": 14, "object_id": "10", "object_repr": "1st Class - Tuesday - 10:00:00 - 11:00:00 - PHP", "action_flag": 1, "change_message": "[{\"added\": {}}]"}}, {"model": "admin.logentry", "pk": 38, "fields": {"action_time": "2021-08-31T07:53:31.730Z", "user": 1, "content_type": 14, "object_id": "11", "object_repr": "1st Class - Tuesday - 10:00:00 - 11:00:00 - PHP", "action_flag": 1, "change_message": "[{\"added\": {}}]"}}, {"model": "admin.logentry", "pk": 39, "fields": {"action_time": "2021-08-31T07:53:42.168Z", "user": 1, "content_type": 14, "object_id": "11", "object_repr": "1st Class - Tuesday - 10:00:00 - 11:00:00 - PHP", "action_flag": 3, "change_message": ""}}, {"model": "admin.logentry", "pk": 40, "fields": {"action_time": "2021-08-31T07:53:50.469Z", "user": 1, "content_type": 14, "object_id": "12", "object_repr": "1st Class - Tuesday - 11:00:00 - 12:00:00 - Java", "action_flag": 1, "change_message": "[{\"added\": {}}]"}}, {"model": "admin.logentry", "pk": 41, "fields": {"action_time": "2021-08-31T07:54:01.841Z", "user": 1, "content_type": 14, "object_id": "13", "object_repr": "1st Class - Tuesday - 12:00:00 - 13:00:00 - C#", "action_flag": 1, "change_message": "[{\"added\": {}}]"}}, {"model": "admin.logentry", "pk": 42, "fields": {"action_time": "2021-08-31T07:54:12.643Z", "user": 1, "content_type": 14, "object_id": "14", "object_repr": "1st Class - Tuesday - 13:00:00 - 14:00:00 - SQL", "action_flag": 1, "change_message": "[{\"added\": {}}]"}}, {"model": "admin.logentry", "pk": 43, "fields": {"action_time": "2021-08-31T07:54:27.333Z", "user": 1, "content_type": 14, "object_id": "15", "object_repr": "1st Class - Tuesday - 13:00:00 - 14:00:00 - SQL", "action_flag": 1, "change_message": "[{\"added\": {}}]"}}, {"model": "admin.logentry", "pk": 44, "fields": {"action_time": "2021-08-31T07:54:36.014Z", "user": 1, "content_type": 14, "object_id": "15", "object_repr": "1st Class - Tuesday - 13:00:00 - 14:00:00 - SQL", "action_flag": 3, "change_message": ""}}, {"model": "admin.logentry", "pk": 45, "fields": {"action_time": "2021-08-31T07:54:46.687Z", "user": 1, "content_type": 14, "object_id": "16", "object_repr": "1st Class - Tuesday - 14:00:00 - 15:00:00 - Swift", "action_flag": 1, "change_message": "[{\"added\": {}}]"}}, {"model": "admin.logentry", "pk": 46, "fields": {"action_time": "2021-08-31T07:55:04.826Z", "user": 1, "content_type": 14, "object_id": "17", "object_repr": "1st Class - Wednesy - 08:00:00 - 09:00:00 - Python", "action_flag": 1, "change_message": "[{\"added\": {}}]"}}, {"model": "admin.logentry", "pk": 47, "fields": {"action_time": "2021-08-31T07:55:14.135Z", "user": 1, "content_type": 14, "object_id": "18", "object_repr": "1st Class - Wednesy - 09:00:00 - 10:00:00 - Javascript", "action_flag": 1, "change_message": "[{\"added\": {}}]"}}, {"model": "admin.logentry", "pk": 48, "fields": {"action_time": "2021-08-31T07:55:20.879Z", "user": 1, "content_type": 14, "object_id": "19", "object_repr": "1st Class - Wednesy - 10:00:00 - 11:00:00 - PHP", "action_flag": 1, "change_message": "[{\"added\": {}}]"}}, {"model": "admin.logentry", "pk": 49, "fields": {"action_time": "2021-08-31T07:55:42.795Z", "user": 1, "content_type": 14, "object_id": "20", "object_repr": "1st Class - Wednesy - 11:00:00 - 12:00:00 - Java", "action_flag": 1, "change_message": "[{\"added\": {}}]"}}, {"model": "admin.logentry", "pk": 50, "fields": {"action_time": "2021-08-31T07:55:52.960Z", "user": 1, "content_type": 14, "object_id": "21", "object_repr": "1st Class - Wednesy - 12:00:00 - 13:00:00 - C#", "action_flag": 1, "change_message": "[{\"added\": {}}]"}}, {"model": "admin.logentry", "pk": 51, "fields": {"action_time": "2021-08-31T07:56:00.192Z", "user": 1, "content_type": 14, "object_id": "22", "object_repr": "1st Class - Wednesy - 13:00:00 - 14:00:00 - SQL", "action_flag": 1, "change_message": "[{\"added\": {}}]"}}, {"model": "admin.logentry", "pk": 52, "fields": {"action_time": "2021-08-31T07:56:06.637Z", "user": 1, "content_type": 14, "object_id": "23", "object_repr": "1st Class - Wednesy - 14:00:00 - 15:00:00 - Swift", "action_flag": 1, "change_message": "[{\"added\": {}}]"}}, {"model": "admin.logentry", "pk": 53, "fields": {"action_time": "2021-08-31T07:56:26.968Z", "user": 1, "content_type": 14, "object_id": "24", "object_repr": "1st Class - Thursday - 08:00:00 - 09:00:00 - Python", "action_flag": 1, "change_message": "[{\"added\": {}}]"}}, {"model": "admin.logentry", "pk": 54, "fields": {"action_time": "2021-08-31T07:56:34.170Z", "user": 1, "content_type": 14, "object_id": "25", "object_repr": "1st Class - Thursday - 09:00:00 - 10:00:00 - Javascript", "action_flag": 1, "change_message": "[{\"added\": {}}]"}}, {"model": "admin.logentry", "pk": 55, "fields": {"action_time": "2021-08-31T07:56:43.350Z", "user": 1, "content_type": 14, "object_id": "26", "object_repr": "1st Class - Thursday - 10:00:00 - 11:00:00 - PHP", "action_flag": 1, "change_message": "[{\"added\": {}}]"}}, {"model": "admin.logentry", "pk": 56, "fields": {"action_time": "2021-08-31T07:56:54.931Z", "user": 1, "content_type": 14, "object_id": "27", "object_repr": "1st Class - Thursday - 11:00:00 - 12:00:00 - Java", "action_flag": 1, "change_message": "[{\"added\": {}}]"}}, {"model": "admin.logentry", "pk": 57, "fields": {"action_time": "2021-08-31T07:57:07.078Z", "user": 1, "content_type": 14, "object_id": "28", "object_repr": "1st Class - Thursday - 12:00:00 - 13:00:00 - C#", "action_flag": 1, "change_message": "[{\"added\": {}}]"}}, {"model": "admin.logentry", "pk": 58, "fields": {"action_time": "2021-08-31T07:57:23.543Z", "user": 1, "content_type": 14, "object_id": "29", "object_repr": "1st Class - Thursday - 13:00:00 - 14:00:00 - SQL", "action_flag": 1, "change_message": "[{\"added\": {}}]"}}, {"model": "admin.logentry", "pk": 59, "fields": {"action_time": "2021-08-31T07:57:31.671Z", "user": 1, "content_type": 14, "object_id": "30", "object_repr": "1st Class - Friday - 14:00:00 - 15:00:00 - Swift", "action_flag": 1, "change_message": "[{\"added\": {}}]"}}, {"model": "admin.logentry", "pk": 60, "fields": {"action_time": "2021-08-31T07:57:37.497Z", "user": 1, "content_type": 14, "object_id": "30", "object_repr": "1st Class - Friday - 14:00:00 - 15:00:00 - Swift", "action_flag": 3, "change_message": ""}}, {"model": "admin.logentry", "pk": 61, "fields": {"action_time": "2021-08-31T07:57:46.260Z", "user": 1, "content_type": 14, "object_id": "31", "object_repr": "1st Class - Thursday - 14:00:00 - 15:00:00 - Swift", "action_flag": 1, "change_message": "[{\"added\": {}}]"}}, {"model": "admin.logentry", "pk": 62, "fields": {"action_time": "2021-08-31T07:58:06.436Z", "user": 1, "content_type": 14, "object_id": "32", "object_repr": "1st Class - Friday - 08:00:00 - 09:00:00 - Python", "action_flag": 1, "change_message": "[{\"added\": {}}]"}}, {"model": "admin.logentry", "pk": 63, "fields": {"action_time": "2021-08-31T07:58:13.877Z", "user": 1, "content_type": 14, "object_id": "33", "object_repr": "1st Class - Friday - 09:00:00 - 10:00:00 - Javascript", "action_flag": 1, "change_message": "[{\"added\": {}}]"}}, {"model": "admin.logentry", "pk": 64, "fields": {"action_time": "2021-08-31T07:58:21.621Z", "user": 1, "content_type": 14, "object_id": "34", "object_repr": "1st Class - Friday - 10:00:00 - 11:00:00 - PHP", "action_flag": 1, "change_message": "[{\"added\": {}}]"}}, {"model": "admin.logentry", "pk": 65, "fields": {"action_time": "2021-08-31T07:58:30.745Z", "user": 1, "content_type": 14, "object_id": "35", "object_repr": "1st Class - Friday - 11:00:00 - 12:00:00 - Java", "action_flag": 1, "change_message": "[{\"added\": {}}]"}}, {"model": "admin.logentry", "pk": 66, "fields": {"action_time": "2021-08-31T07:58:40.245Z", "user": 1, "content_type": 14, "object_id": "36", "object_repr": "1st Class - Friday - 12:00:00 - 13:00:00 - C#", "action_flag": 1, "change_message": "[{\"added\": {}}]"}}, {"model": "admin.logentry", "pk": 67, "fields": {"action_time": "2021-08-31T07:58:48.734Z", "user": 1, "content_type": 14, "object_id": "37", "object_repr": "1st Class - Friday - 13:00:00 - 14:00:00 - SQL", "action_flag": 1, "change_message": "[{\"added\": {}}]"}}, {"model": "admin.logentry", "pk": 68, "fields": {"action_time": "2021-08-31T07:59:04.874Z", "user": 1, "content_type": 14, "object_id": "38", "object_repr": "1st Class - Friday - 14:00:00 - 15:00:00 - Swift", "action_flag": 1, "change_message": "[{\"added\": {}}]"}}, {"model": "admin.logentry", "pk": 69, "fields": {"action_time": "2021-08-31T08:03:02.755Z", "user": 1, "content_type": 10, "object_id": "1", "object_repr": "Python Setup", "action_flag": 1, "change_message": "[{\"added\": {}}]"}}, {"model": "admin.logentry", "pk": 70, "fields": {"action_time": "2021-08-31T08:03:47.990Z", "user": 1, "content_type": 10, "object_id": "2", "object_repr": "Python Object and Data Structure Basics", "action_flag": 1, "change_message": "[{\"added\": {}}]"}}, {"model": "admin.logentry", "pk": 71, "fields": {"action_time": "2021-08-31T08:04:21.893Z", "user": 1, "content_type": 10, "object_id": "3", "object_repr": "Python Comparison Operators", "action_flag": 1, "change_message": "[{\"added\": {}}]"}}, {"model": "admin.logentry", "pk": 72, "fields": {"action_time": "2021-08-31T08:04:56.737Z", "user": 1, "content_type": 10, "object_id": "4", "object_repr": "Python Statements", "action_flag": 1, "change_message": "[{\"added\": {}}]"}}, {"model": "admin.logentry", "pk": 73, "fields": {"action_time": "2021-08-31T08:05:28.415Z", "user": 1, "content_type": 10, "object_id": "5", "object_repr": "Method and Fuctions", "action_flag": 1, "change_message": "[{\"added\": {}}]"}}, {"model": "admin.logentry", "pk": 74, "fields": {"action_time": "2021-08-31T08:06:07.187Z", "user": 1, "content_type": 10, "object_id": "6", "object_repr": "Modules and Packages", "action_flag": 1, "change_message": "[{\"added\": {}}]"}}, {"model": "admin.logentry", "pk": 75, "fields": {"action_time": "2021-08-31T08:06:56.980Z", "user": 1, "content_type": 10, "object_id": "7", "object_repr": "Errors and Exceptions Handling", "action_flag": 1, "change_message": "[{\"added\": {}}]"}}, {"model": "admin.logentry", "pk": 76, "fields": {"action_time": "2021-08-31T08:07:24.295Z", "user": 1, "content_type": 10, "object_id": "8", "object_repr": "Object Oriented Programming", "action_flag": 1, "change_message": "[{\"added\": {}}]"}}, {"model": "admin.logentry", "pk": 77, "fields": {"action_time": "2021-08-31T08:08:02.692Z", "user": 1, "content_type": 10, "object_id": "9", "object_repr": "Python Decorators", "action_flag": 1, "change_message": "[{\"added\": {}}]"}}, {"model": "admin.logentry", "pk": 78, "fields": {"action_time": "2021-08-31T08:08:27.489Z", "user": 1, "content_type": 10, "object_id": "10", "object_repr": "Python Generators", "action_flag": 1, "change_message": "[{\"added\": {}}]"}}, {"model": "admin.logentry", "pk": 79, "fields": {"action_time": "2021-08-31T08:08:53.584Z", "user": 1, "content_type": 10, "object_id": "11", "object_repr": "Advance Python Modules", "action_flag": 1, "change_message": "[{\"added\": {}}]"}}, {"model": "admin.logentry", "pk": 80, "fields": {"action_time": "2021-08-31T08:09:17.785Z", "user": 1, "content_type": 10, "object_id": "12", "object_repr": "Advance Python Objects and Data Structures", "action_flag": 1, "change_message": "[{\"added\": {}}]"}}, {"model": "admin.logentry", "pk": 81, "fields": {"action_time": "2021-08-31T08:19:00.970Z", "user": 1, "content_type": 2, "object_id": "3", "object_repr": "tutor's Profile(unvalidated)", "action_flag": 2, "change_message": "[{\"changed\": {\"fields\": [\"Is validated\"]}}]"}}, {"model": "admin.logentry", "pk": 82, "fields": {"action_time": "2021-08-31T08:19:48.063Z", "user": 1, "content_type": 1, "object_id": "3", "object_repr": "tutor", "action_flag": 2, "change_message": "[{\"changed\": {\"fields\": [\"First name\", \"Last name\", \"Email\", \"Phone number\", \"Current address\", \"Bio\"]}}]"}}, {"model": "admin.logentry", "pk": 83, "fields": {"action_time": "2021-09-08T07:48:52.639Z", "user": 1, "content_type": 1, "object_id": "4", "object_repr": "student", "action_flag": 3, "change_message": ""}}, {"model": "admin.logentry", "pk": 84, "fields": {"action_time": "2021-09-08T07:48:52.651Z", "user": 1, "content_type": 1, "object_id": "3", "object_repr": "tutor", "action_flag": 3, "change_message": ""}}, {"model": "admin.logentry", "pk": 85, "fields": {"action_time": "2021-09-09T06:26:15.576Z", "user": 1, "content_type": 1, "object_id": "5", "object_repr": "drahnier", "action_flag": 3, "change_message": ""}}, {"model": "admin.logentry", "pk": 86, "fields": {"action_time": "2021-09-09T06:28:53.790Z", "user": 1, "content_type": 1, "object_id": "6", "object_repr": "drahnier", "action_flag": 3, "change_message": ""}}, {"model": "admin.logentry", "pk": 87, "fields": {"action_time": "2021-09-09T06:30:52.109Z", "user": 1, "content_type": 1, "object_id": "7", "object_repr": "drahnier", "action_flag": 3, "change_message": ""}}, {"model": "admin.logentry", "pk": 88, "fields": {"action_time": "2021-09-09T06:35:25.495Z", "user": 1, "content_type": 1, "object_id": "8", "object_repr": "drahnier", "action_flag": 3, "change_message": ""}}, {"model": "admin.logentry", "pk": 89, "fields": {"action_time": "2021-09-09T06:36:21.175Z", "user": 1, "content_type": 1, "object_id": "9", "object_repr": "drahnier", "action_flag": 3, "change_message": ""}}, {"model": "admin.logentry", "pk": 90, "fields": {"action_time": "2021-09-09T06:39:02.008Z", "user": 1, "content_type": 1, "object_id": "10", "object_repr": "drahnier", "action_flag": 3, "change_message": ""}}, {"model": "admin.logentry", "pk": 91, "fields": {"action_time": "2021-09-09T06:40:50.523Z", "user": 1, "content_type": 1, "object_id": "11", "object_repr": "drahnier", "action_flag": 3, "change_message": ""}}, {"model": "admin.logentry", "pk": 92, "fields": {"action_time": "2021-09-09T06:44:09.706Z", "user": 1, "content_type": 1, "object_id": "12", "object_repr": "drahnier", "action_flag": 3, "change_message": ""}}, {"model": "admin.logentry", "pk": 93, "fields": {"action_time": "2021-09-09T06:46:12.326Z", "user": 1, "content_type": 1, "object_id": "13", "object_repr": "drahnier", "action_flag": 3, "change_message": ""}}, {"model": "admin.logentry", "pk": 94, "fields": {"action_time": "2021-09-09T06:54:03.187Z", "user": 1, "content_type": 1, "object_id": "14", "object_repr": "drahnier", "action_flag": 3, "change_message": ""}}, {"model": "admin.logentry", "pk": 95, "fields": {"action_time": "2021-09-09T06:55:03.288Z", "user": 1, "content_type": 1, "object_id": "15", "object_repr": "drahnier", "action_flag": 3, "change_message": ""}}, {"model": "admin.logentry", "pk": 96, "fields": {"action_time": "2021-09-09T06:56:53.899Z", "user": 1, "content_type": 1, "object_id": "16", "object_repr": "drahnier", "action_flag": 3, "change_message": ""}}, {"model": "admin.logentry", "pk": 97, "fields": {"action_time": "2021-09-09T07:02:52.808Z", "user": 1, "content_type": 1, "object_id": "17", "object_repr": "drahnier", "action_flag": 3, "change_message": ""}}, {"model": "admin.logentry", "pk": 98, "fields": {"action_time": "2021-09-09T08:56:31.092Z", "user": 1, "content_type": 1, "object_id": "18", "object_repr": "drahnier", "action_flag": 3, "change_message": ""}}, {"model": "admin.logentry", "pk": 99, "fields": {"action_time": "2021-09-09T08:57:55.681Z", "user": 1, "content_type": 1, "object_id": "19", "object_repr": "drahnier", "action_flag": 3, "change_message": ""}}, {"model": "admin.logentry", "pk": 100, "fields": {"action_time": "2021-09-09T09:17:46.554Z", "user": 1, "content_type": 1, "object_id": "21", "object_repr": "drahnier2", "action_flag": 3, "change_message": ""}}, {"model": "admin.logentry", "pk": 101, "fields": {"action_time": "2021-09-09T09:17:46.560Z", "user": 1, "content_type": 1, "object_id": "20", "object_repr": "drahnier", "action_flag": 3, "change_message": ""}}, {"model": "admin.logentry", "pk": 102, "fields": {"action_time": "2021-09-10T08:00:28.498Z", "user": 1, "content_type": 4, "object_id": "2", "object_repr": "john's application form", "action_flag": 1, "change_message": "[{\"added\": {}}]"}}, {"model": "admin.logentry", "pk": 103, "fields": {"action_time": "2021-09-10T08:00:28.613Z", "user": 1, "content_type": 4, "object_id": "3", "object_repr": "john's application form", "action_flag": 1, "change_message": "[{\"added\": {}}]"}}, {"model": "admin.logentry", "pk": 104, "fields": {"action_time": "2021-09-10T08:00:35.094Z", "user": 1, "content_type": 4, "object_id": "3", "object_repr": "john's application form", "action_flag": 3, "change_message": ""}}, {"model": "admin.logentry", "pk": 105, "fields": {"action_time": "2021-09-10T09:50:51.876Z", "user": 1, "content_type": 4, "object_id": "2", "object_repr": "john's application form", "action_flag": 2, "change_message": "[]"}}, {"model": "admin.logentry", "pk": 106, "fields": {"action_time": "2021-09-10T09:51:02.270Z", "user": 1, "content_type": 4, "object_id": "2", "object_repr": "john's application form", "action_flag": 2, "change_message": "[]"}}, {"model": "admin.logentry", "pk": 107, "fields": {"action_time": "2021-09-20T06:28:32.181Z", "user": 1, "content_type": 4, "object_id": "2", "object_repr": "john's application form", "action_flag": 3, "change_message": ""}}, {"model": "admin.logentry", "pk": 108, "fields": {"action_time": "2021-09-20T06:29:33.259Z", "user": 1, "content_type": 4, "object_id": "3", "object_repr": "john's application form", "action_flag": 3, "change_message": ""}}, {"model": "admin.logentry", "pk": 109, "fields": {"action_time": "2021-09-20T06:35:01.773Z", "user": 1, "content_type": 4, "object_id": "1", "object_repr": "eqwgewqg's application form", "action_flag": 3, "change_message": ""}}, {"model": "admin.logentry", "pk": 110, "fields": {"action_time": "2021-09-20T06:48:33.038Z", "user": 1, "content_type": 4, "object_id": "2", "object_repr": "john's application form", "action_flag": 3, "change_message": ""}}, {"model": "admin.logentry", "pk": 111, "fields": {"action_time": "2021-09-20T06:52:58.860Z", "user": 1, "content_type": 4, "object_id": "3", "object_repr": "john's application form", "action_flag": 3, "change_message": ""}}, {"model": "admin.logentry", "pk": 112, "fields": {"action_time": "2021-09-20T07:11:12.541Z", "user": 1, "content_type": 4, "object_id": "5", "object_repr": "egagaw's application form", "action_flag": 3, "change_message": ""}}, {"model": "admin.logentry", "pk": 113, "fields": {"action_time": "2021-09-20T07:11:12.572Z", "user": 1, "content_type": 4, "object_id": "4", "object_repr": "awgewag's application form", "action_flag": 3, "change_message": ""}}, {"model": "admin.logentry", "pk": 114, "fields": {"action_time": "2021-09-20T07:13:33.729Z", "user": 1, "content_type": 4, "object_id": "6", "object_repr": "erhh's application form", "action_flag": 3, "change_message": ""}}, {"model": "admin.logentry", "pk": 115, "fields": {"action_time": "2021-09-28T07:09:12.074Z", "user": 1, "content_type": 4, "object_id": "1", "object_repr": "6's application form", "action_flag": 1, "change_message": "[{\"added\": {}}]"}}, {"model": "admin.logentry", "pk": 116, "fields": {"action_time": "2021-09-28T07:09:41.751Z", "user": 1, "content_type": 2, "object_id": "6", "object_repr": "james victor's Profile", "action_flag": 2, "change_message": "[{\"changed\": {\"fields\": [\"Profile headline\", \"Bio\", \"Programming languages\", \"Availability\"]}}]"}}, {"model": "admin.logentry", "pk": 117, "fields": {"action_time": "2021-09-28T07:09:59.691Z", "user": 1, "content_type": 4, "object_id": "1", "object_repr": "6's application form", "action_flag": 2, "change_message": "[{\"changed\": {\"fields\": [\"Selfie\"]}}]"}}, {"model": "admin.logentry", "pk": 118, "fields": {"action_time": "2021-09-28T07:14:53.521Z", "user": 1, "content_type": 4, "object_id": "1", "object_repr": "6's application form", "action_flag": 3, "change_message": ""}}, {"model": "admin.logentry", "pk": 119, "fields": {"action_time": "2021-09-28T07:15:17.408Z", "user": 1, "content_type": 4, "object_id": "2", "object_repr": "6's application form", "action_flag": 1, "change_message": "[{\"added\": {}}]"}}, {"model": "admin.logentry", "pk": 120, "fields": {"action_time": "2021-09-28T07:15:30.576Z", "user": 1, "content_type": 2, "object_id": "6", "object_repr": "james victor's Profile", "action_flag": 2, "change_message": "[{\"changed\": {\"fields\": [\"Programming languages\", \"Availability\"]}}]"}}, {"model": "admin.logentry", "pk": 121, "fields": {"action_time": "2021-10-03T02:26:39.204Z", "user": 1, "content_type": 4, "object_id": "9", "object_repr": "6's application form", "action_flag": 3, "change_message": ""}}, {"model": "admin.logentry", "pk": 122, "fields": {"action_time": "2021-10-03T02:26:39.233Z", "user": 1, "content_type": 4, "object_id": "8", "object_repr": "6's application form", "action_flag": 3, "change_message": ""}}, {"model": "admin.logentry", "pk": 123, "fields": {"action_time": "2021-10-03T02:26:39.245Z", "user": 1, "content_type": 4, "object_id": "7", "object_repr": "5's application form", "action_flag": 3, "change_message": ""}}, {"model": "admin.logentry", "pk": 124, "fields": {"action_time": "2021-10-03T02:26:39.257Z", "user": 1, "content_type": 4, "object_id": "6", "object_repr": "5's application form", "action_flag": 3, "change_message": ""}}, {"model": "admin.logentry", "pk": 125, "fields": {"action_time": "2021-10-03T02:26:39.265Z", "user": 1, "content_type": 4, "object_id": "5", "object_repr": "7's application form", "action_flag": 3, "change_message": ""}}, {"model": "admin.logentry", "pk": 126, "fields": {"action_time": "2021-10-03T02:26:39.273Z", "user": 1, "content_type": 4, "object_id": "4", "object_repr": "7's application form", "action_flag": 3, "change_message": ""}}, {"model": "admin.logentry", "pk": 127, "fields": {"action_time": "2021-10-03T02:26:39.285Z", "user": 1, "content_type": 4, "object_id": "3", "object_repr": "7's application form", "action_flag": 3, "change_message": ""}}, {"model": "admin.logentry", "pk": 128, "fields": {"action_time": "2021-10-03T02:26:39.297Z", "user": 1, "content_type": 4, "object_id": "2", "object_repr": "6's application form", "action_flag": 3, "change_message": ""}}, {"model": "admin.logentry", "pk": 129, "fields": {"action_time": "2021-10-03T02:32:55.787Z", "user": 1, "content_type": 4, "object_id": "15", "object_repr": "6's application form", "action_flag": 3, "change_message": ""}}, {"model": "admin.logentry", "pk": 130, "fields": {"action_time": "2021-10-03T02:32:55.813Z", "user": 1, "content_type": 4, "object_id": "14", "object_repr": "6's application form", "action_flag": 3, "change_message": ""}}, {"model": "admin.logentry", "pk": 131, "fields": {"action_time": "2021-10-03T02:32:55.825Z", "user": 1, "content_type": 4, "object_id": "13", "object_repr": "5's application form", "action_flag": 3, "change_message": ""}}, {"model": "admin.logentry", "pk": 132, "fields": {"action_time": "2021-10-03T02:32:55.833Z", "user": 1, "content_type": 4, "object_id": "12", "object_repr": "5's application form", "action_flag": 3, "change_message": ""}}, {"model": "admin.logentry", "pk": 133, "fields": {"action_time": "2021-10-03T02:32:55.841Z", "user": 1, "content_type": 4, "object_id": "11", "object_repr": "7's application form", "action_flag": 3, "change_message": ""}}, {"model": "admin.logentry", "pk": 134, "fields": {"action_time": "2021-10-03T02:32:55.849Z", "user": 1, "content_type": 4, "object_id": "10", "object_repr": "7's application form", "action_flag": 3, "change_message": ""}}, {"model": "admin.logentry", "pk": 135, "fields": {"action_time": "2021-10-03T06:19:20.979Z", "user": 1, "content_type": 4, "object_id": "18", "object_repr": "6's application form", "action_flag": 3, "change_message": ""}}, {"model": "admin.logentry", "pk": 136, "fields": {"action_time": "2021-10-03T06:19:21.009Z", "user": 1, "content_type": 4, "object_id": "17", "object_repr": "6's application form", "action_flag": 3, "change_message": ""}}, {"model": "admin.logentry", "pk": 137, "fields": {"action_time": "2021-10-03T06:19:21.018Z", "user": 1, "content_type": 4, "object_id": "16", "object_repr": "6's application form", "action_flag": 3, "change_message": ""}}, {"model": "admin.logentry", "pk": 138, "fields": {"action_time": "2021-10-03T06:20:14.869Z", "user": 1, "content_type": 4, "object_id": "20", "object_repr": "6's application form", "action_flag": 3, "change_message": ""}}, {"model": "admin.logentry", "pk": 139, "fields": {"action_time": "2021-10-03T06:20:14.881Z", "user": 1, "content_type": 4, "object_id": "19", "object_repr": "6's application form", "action_flag": 3, "change_message": ""}}, {"model": "admin.logentry", "pk": 140, "fields": {"action_time": "2021-10-03T06:22:10.606Z", "user": 1, "content_type": 4, "object_id": "22", "object_repr": "6's application form", "action_flag": 3, "change_message": ""}}, {"model": "admin.logentry", "pk": 141, "fields": {"action_time": "2021-10-03T06:22:10.637Z", "user": 1, "content_type": 4, "object_id": "21", "object_repr": "6's application form", "action_flag": 3, "change_message": ""}}, {"model": "admin.logentry", "pk": 142, "fields": {"action_time": "2021-10-03T06:24:02.548Z", "user": 1, "content_type": 4, "object_id": "25", "object_repr": "6's application form", "action_flag": 3, "change_message": ""}}, {"model": "admin.logentry", "pk": 143, "fields": {"action_time": "2021-10-03T06:24:02.561Z", "user": 1, "content_type": 4, "object_id": "24", "object_repr": "6's application form", "action_flag": 3, "change_message": ""}}, {"model": "admin.logentry", "pk": 144, "fields": {"action_time": "2021-10-03T06:24:02.570Z", "user": 1, "content_type": 4, "object_id": "23", "object_repr": "6's application form", "action_flag": 3, "change_message": ""}}, {"model": "admin.logentry", "pk": 145, "fields": {"action_time": "2021-10-03T09:02:25.518Z", "user": 1, "content_type": 1, "object_id": "28", "object_repr": "newtutor", "action_flag": 3, "change_message": ""}}, {"model": "admin.logentry", "pk": 146, "fields": {"action_time": "2021-10-03T09:02:25.531Z", "user": 1, "content_type": 1, "object_id": "27", "object_repr": "tutor", "action_flag": 3, "change_message": ""}}, {"model": "admin.logentry", "pk": 147, "fields": {"action_time": "2021-10-03T09:02:25.541Z", "user": 1, "content_type": 1, "object_id": "26", "object_repr": "johhny", "action_flag": 3, "change_message": ""}}, {"model": "admin.logentry", "pk": 148, "fields": {"action_time": "2021-10-03T09:02:25.551Z", "user": 1, "content_type": 1, "object_id": "25", "object_repr": "hellen", "action_flag": 3, "change_message": ""}}, {"model": "admin.logentry", "pk": 149, "fields": {"action_time": "2021-10-03T09:02:25.561Z", "user": 1, "content_type": 1, "object_id": "24", "object_repr": "james123", "action_flag": 3, "change_message": ""}}, {"model": "admin.logentry", "pk": 150, "fields": {"action_time": "2021-10-03T09:02:25.571Z", "user": 1, "content_type": 1, "object_id": "23", "object_repr": "johndoe", "action_flag": 3, "change_message": ""}}, {"model": "admin.logentry", "pk": 151, "fields": {"action_time": "2021-10-03T09:04:30.583Z", "user": 1, "content_type": 1, "object_id": "29", "object_repr": "johndoe", "action_flag": 3, "change_message": ""}}, {"model": "admin.logentry", "pk": 152, "fields": {"action_time": "2021-10-03T09:06:33.021Z", "user": 1, "content_type": 1, "object_id": "30", "object_repr": "johndoe", "action_flag": 3, "change_message": ""}}, {"model": "admin.logentry", "pk": 153, "fields": {"action_time": "2021-10-04T05:01:07.519Z", "user": 1, "content_type": 4, "object_id": "27", "object_repr": "13's application form", "action_flag": 3, "change_message": ""}}, {"model": "admin.logentry", "pk": 154, "fields": {"action_time": "2021-10-04T05:01:24.251Z", "user": 1, "content_type": 1, "object_id": "31", "object_repr": "johndoe", "action_flag": 3, "change_message": ""}}, {"model": "admin.logentry", "pk": 155, "fields": {"action_time": "2021-10-04T05:11:37.821Z", "user": 1, "content_type": 1, "object_id": "32", "object_repr": "johndoe", "action_flag": 3, "change_message": ""}}, {"model": "admin.logentry", "pk": 156, "fields": {"action_time": "2021-10-04T05:18:51.540Z", "user": 1, "content_type": 1, "object_id": "33", "object_repr": "johndoe", "action_flag": 3, "change_message": ""}}, {"model": "admin.logentry", "pk": 157, "fields": {"action_time": "2021-10-04T05:26:23.435Z", "user": 1, "content_type": 1, "object_id": "34", "object_repr": "johndoe", "action_flag": 3, "change_message": ""}}, {"model": "admin.logentry", "pk": 158, "fields": {"action_time": "2021-10-04T05:32:58.275Z", "user": 1, "content_type": 1, "object_id": "35", "object_repr": "johndoe", "action_flag": 3, "change_message": ""}}, {"model": "admin.logentry", "pk": 159, "fields": {"action_time": "2021-10-04T05:35:19.404Z", "user": 1, "content_type": 1, "object_id": "36", "object_repr": "johndoe", "action_flag": 3, "change_message": ""}}, {"model": "admin.logentry", "pk": 160, "fields": {"action_time": "2021-10-04T05:41:55.540Z", "user": 1, "content_type": 4, "object_id": "29", "object_repr": "john's application form", "action_flag": 1, "change_message": "[{\"added\": {}}]"}}, {"model": "admin.logentry", "pk": 161, "fields": {"action_time": "2021-10-04T05:42:03.701Z", "user": 1, "content_type": 4, "object_id": "29", "object_repr": "john's application form", "action_flag": 2, "change_message": "[{\"changed\": {\"fields\": [\"Valid id\"]}}]"}}, {"model": "admin.logentry", "pk": 162, "fields": {"action_time": "2021-10-04T05:51:34.348Z", "user": 1, "content_type": 4, "object_id": "28", "object_repr": "s application form", "action_flag": 3, "change_message": ""}}, {"model": "admin.logentry", "pk": 163, "fields": {"action_time": "2021-10-04T05:56:54.878Z", "user": 1, "content_type": 4, "object_id": "29", "object_repr": "john's application form", "action_flag": 3, "change_message": ""}}, {"model": "admin.logentry", "pk": 164, "fields": {"action_time": "2021-10-04T05:57:00.739Z", "user": 1, "content_type": 1, "object_id": "37", "object_repr": "johndoe", "action_flag": 3, "change_message": ""}}, {"model": "admin.logentry", "pk": 165, "fields": {"action_time": "2021-10-04T06:00:57.164Z", "user": 1, "content_type": 4, "object_id": "30", "object_repr": "john's application form", "action_flag": 3, "change_message": ""}}, {"model": "admin.logentry", "pk": 166, "fields": {"action_time": "2021-10-04T06:05:47.164Z", "user": 1, "content_type": 4, "object_id": "31", "object_repr": "john's application form", "action_flag": 1, "change_message": "[{\"added\": {}}]"}}, {"model": "admin.logentry", "pk": 167, "fields": {"action_time": "2021-10-05T06:10:38.289Z", "user": 1, "content_type": 4, "object_id": "31", "object_repr": "john's application form", "action_flag": 2, "change_message": "[{\"changed\": {\"fields\": [\"Selfie\"]}}]"}}, {"model": "admin.logentry", "pk": 168, "fields": {"action_time": "2021-10-05T06:11:29.395Z", "user": 1, "content_type": 4, "object_id": "32", "object_repr": "'s application form", "action_flag": 1, "change_message": "[{\"added\": {}}]"}}, {"model": "admin.logentry", "pk": 169, "fields": {"action_time": "2021-10-05T06:12:53.175Z", "user": 1, "content_type": 4, "object_id": "32", "object_repr": "'s application form", "action_flag": 3, "change_message": ""}}, {"model": "admin.logentry", "pk": 170, "fields": {"action_time": "2021-10-05T06:13:08.861Z", "user": 1, "content_type": 4, "object_id": "31", "object_repr": "john's application form", "action_flag": 2, "change_message": "[{\"changed\": {\"fields\": [\"Valid id\", \"Selfie\"]}}]"}}, {"model": "admin.logentry", "pk": 171, "fields": {"action_time": "2021-10-07T09:25:14.259Z", "user": 1, "content_type": 1, "object_id": "1", "object_repr": "admin", "action_flag": 2, "change_message": "[{\"changed\": {\"fields\": [\"First name\", \"Last name\", \"Phone number\", \"Current address\"]}}]"}}, {"model": "admin.logentry", "pk": 172, "fields": {"action_time": "2021-10-07T11:48:18.646Z", "user": 1, "content_type": 1, "object_id": "38", "object_repr": "johndoe", "action_flag": 3, "change_message": ""}}, {"model": "admin.logentry", "pk": 173, "fields": {"action_time": "2021-10-07T11:55:13.594Z", "user": 1, "content_type": 1, "object_id": "39", "object_repr": "james", "action_flag": 3, "change_message": ""}}, {"model": "admin.logentry", "pk": 174, "fields": {"action_time": "2021-10-08T02:43:51.169Z", "user": 1, "content_type": 1, "object_id": "22", "object_repr": "janedoe", "action_flag": 2, "change_message": "[{\"changed\": {\"fields\": [\"First name\", \"Last name\", \"Phone number\", \"Current address\"]}}]"}}, {"model": "admin.logentry", "pk": 175, "fields": {"action_time": "2021-10-09T00:20:42.101Z", "user": 1, "content_type": 2, "object_id": "22", "object_repr": "joss sticks Profile", "action_flag": 2, "change_message": "[{\"changed\": {\"fields\": [\"Bio\"]}}]"}}, {"model": "admin.logentry", "pk": 176, "fields": {"action_time": "2021-10-09T07:23:45.384Z", "user": 1, "content_type": 2, "object_id": "22", "object_repr": "joss sticks Profile", "action_flag": 2, "change_message": "[{\"changed\": {\"fields\": [\"Profile headline\"]}}]"}}, {"model": "admin.logentry", "pk": 177, "fields": {"action_time": "2021-10-09T07:59:49.432Z", "user": 1, "content_type": 1, "object_id": "40", "object_repr": "joss", "action_flag": 2, "change_message": "[{\"changed\": {\"fields\": [\"Profile Pictures\"]}}]"}}, {"model": "admin.logentry", "pk": 178, "fields": {"action_time": "2021-10-09T10:47:24.864Z", "user": 1, "content_type": 2, "object_id": "22", "object_repr": "joss sticks Profile", "action_flag": 2, "change_message": "[{\"changed\": {\"fields\": [\"Profile headline\"]}}]"}}, {"model": "admin.logentry", "pk": 179, "fields": {"action_time": "2021-10-09T12:20:24.365Z", "user": 1, "content_type": 2, "object_id": "22", "object_repr": "joss sticks Profile", "action_flag": 2, "change_message": "[{\"changed\": {\"fields\": [\"Bio\"]}}]"}}, {"model": "admin.logentry", "pk": 180, "fields": {"action_time": "2021-10-09T12:20:58.441Z", "user": 1, "content_type": 2, "object_id": "22", "object_repr": "joss sticks Profile", "action_flag": 2, "change_message": "[{\"changed\": {\"fields\": [\"Bio\"]}}]"}}, {"model": "admin.logentry", "pk": 181, "fields": {"action_time": "2021-10-11T05:52:33.661Z", "user": 1, "content_type": 1, "object_id": "42", "object_repr": "john", "action_flag": 1, "change_message": "[{\"added\": {}}]"}}, {"model": "admin.logentry", "pk": 182, "fields": {"action_time": "2021-10-11T05:54:41.797Z", "user": 1, "content_type": 2, "object_id": "23", "object_repr": "john doe Profile", "action_flag": 2, "change_message": "[{\"changed\": {\"fields\": [\"Profile headline\", \"Bio\", \"Is validated\", \"Programming languages\", \"Availability\"]}}]"}}, {"model": "admin.logentry", "pk": 183, "fields": {"action_time": "2021-10-11T07:53:49.326Z", "user": 1, "content_type": 1, "object_id": "42", "object_repr": "john", "action_flag": 2, "change_message": "[{\"changed\": {\"fields\": [\"Profile Pictures\"]}}]"}}, {"model": "admin.logentry", "pk": 184, "fields": {"action_time": "2021-10-12T07:14:25.327Z", "user": 1, "content_type": 1, "object_id": "42", "object_repr": "john", "action_flag": 2, "change_message": "[{\"changed\": {\"fields\": [\"Email\"]}}]"}}, {"model": "admin.logentry", "pk": 185, "fields": {"action_time": "2021-10-13T01:28:25.396Z", "user": 1, "content_type": 20, "object_id": "1", "object_repr": "Message object (1)", "action_flag": 1, "change_message": "[{\"added\": {}}]"}}, {"model": "admin.logentry", "pk": 186, "fields": {"action_time": "2021-10-13T07:39:53.920Z", "user": 1, "content_type": 20, "object_id": "1", "object_repr": "Message object (1)", "action_flag": 2, "change_message": "[{\"changed\": {\"fields\": [\"Is read\"]}}]"}}, {"model": "admin.logentry", "pk": 187, "fields": {"action_time": "2021-10-13T07:41:33.701Z", "user": 1, "content_type": 20, "object_id": "1", "object_repr": "Message object (1)", "action_flag": 2, "change_message": "[{\"changed\": {\"fields\": [\"User\", \"Sender\", \"Recipient\", \"Is read\"]}}]"}}, {"model": "admin.logentry", "pk": 188, "fields": {"action_time": "2021-10-13T07:41:51.894Z", "user": 1, "content_type": 20, "object_id": "2", "object_repr": "Message object (2)", "action_flag": 1, "change_message": "[{\"added\": {}}]"}}, {"model": "admin.logentry", "pk": 189, "fields": {"action_time": "2021-10-13T07:46:33.458Z", "user": 1, "content_type": 20, "object_id": "1", "object_repr": "Message object (1)", "action_flag": 2, "change_message": "[{\"changed\": {\"fields\": [\"User\", \"Sender\", \"Recipient\"]}}]"}}, {"model": "admin.logentry", "pk": 190, "fields": {"action_time": "2021-10-13T07:47:10.035Z", "user": 1, "content_type": 20, "object_id": "3", "object_repr": "Message object (3)", "action_flag": 1, "change_message": "[{\"added\": {}}]"}}, {"model": "admin.logentry", "pk": 191, "fields": {"action_time": "2021-10-13T09:14:57.443Z", "user": 1, "content_type": 20, "object_id": "3", "object_repr": "Message object (3)", "action_flag": 3, "change_message": ""}}, {"model": "admin.logentry", "pk": 192, "fields": {"action_time": "2021-10-13T09:14:57.452Z", "user": 1, "content_type": 20, "object_id": "2", "object_repr": "Message object (2)", "action_flag": 3, "change_message": ""}}, {"model": "admin.logentry", "pk": 193, "fields": {"action_time": "2021-10-13T09:14:57.461Z", "user": 1, "content_type": 20, "object_id": "1", "object_repr": "Message object (1)", "action_flag": 3, "change_message": ""}}, {"model": "admin.logentry", "pk": 194, "fields": {"action_time": "2021-10-13T09:15:08.193Z", "user": 1, "content_type": 20, "object_id": "4", "object_repr": "Message object (4)", "action_flag": 1, "change_message": "[{\"added\": {}}]"}}, {"model": "admin.logentry", "pk": 195, "fields": {"action_time": "2021-10-13T09:15:19.378Z", "user": 1, "content_type": 20, "object_id": "5", "object_repr": "Message object (5)", "action_flag": 1, "change_message": "[{\"added\": {}}]"}}, {"model": "admin.logentry", "pk": 196, "fields": {"action_time": "2021-10-13T09:21:04.270Z", "user": 1, "content_type": 20, "object_id": "5", "object_repr": "Message object (5)", "action_flag": 3, "change_message": ""}}, {"model": "admin.logentry", "pk": 197, "fields": {"action_time": "2021-10-13T09:21:04.280Z", "user": 1, "content_type": 20, "object_id": "4", "object_repr": "Message object (4)", "action_flag": 3, "change_message": ""}}, {"model": "admin.logentry", "pk": 198, "fields": {"action_time": "2021-10-13T09:21:11.346Z", "user": 1, "content_type": 20, "object_id": "9", "object_repr": "Message object (9)", "action_flag": 3, "change_message": ""}}, {"model": "admin.logentry", "pk": 199, "fields": {"action_time": "2021-10-13T09:21:11.353Z", "user": 1, "content_type": 20, "object_id": "8", "object_repr": "Message object (8)", "action_flag": 3, "change_message": ""}}, {"model": "admin.logentry", "pk": 200, "fields": {"action_time": "2021-10-13T09:21:11.358Z", "user": 1, "content_type": 20, "object_id": "7", "object_repr": "Message object (7)", "action_flag": 3, "change_message": ""}}, {"model": "admin.logentry", "pk": 201, "fields": {"action_time": "2021-10-13T09:21:11.363Z", "user": 1, "content_type": 20, "object_id": "6", "object_repr": "Message object (6)", "action_flag": 3, "change_message": ""}}, {"model": "admin.logentry", "pk": 202, "fields": {"action_time": "2021-10-13T09:21:25.108Z", "user": 1, "content_type": 20, "object_id": "10", "object_repr": "Message object (10)", "action_flag": 1, "change_message": "[{\"added\": {}}]"}}, {"model": "admin.logentry", "pk": 203, "fields": {"action_time": "2021-10-13T09:21:37.734Z", "user": 1, "content_type": 20, "object_id": "11", "object_repr": "Message object (11)", "action_flag": 1, "change_message": "[{\"added\": {}}]"}}, {"model": "admin.logentry", "pk": 204, "fields": {"action_time": "2021-10-13T09:21:59.231Z", "user": 1, "content_type": 20, "object_id": "11", "object_repr": "Message object (11)", "action_flag": 2, "change_message": "[{\"changed\": {\"fields\": [\"Sender\"]}}]"}}, {"model": "admin.logentry", "pk": 205, "fields": {"action_time": "2021-10-14T01:01:40.599Z", "user": 1, "content_type": 20, "object_id": "19", "object_repr": "Message object (19)", "action_flag": 3, "change_message": ""}}, {"model": "admin.logentry", "pk": 206, "fields": {"action_time": "2021-10-14T01:01:40.607Z", "user": 1, "content_type": 20, "object_id": "18", "object_repr": "Message object (18)", "action_flag": 3, "change_message": ""}}, {"model": "admin.logentry", "pk": 207, "fields": {"action_time": "2021-10-14T01:01:40.615Z", "user": 1, "content_type": 20, "object_id": "17", "object_repr": "Message object (17)", "action_flag": 3, "change_message": ""}}, {"model": "admin.logentry", "pk": 208, "fields": {"action_time": "2021-10-14T01:01:40.631Z", "user": 1, "content_type": 20, "object_id": "16", "object_repr": "Message object (16)", "action_flag": 3, "change_message": ""}}, {"model": "admin.logentry", "pk": 209, "fields": {"action_time": "2021-10-14T01:01:40.639Z", "user": 1, "content_type": 20, "object_id": "15", "object_repr": "Message object (15)", "action_flag": 3, "change_message": ""}}, {"model": "admin.logentry", "pk": 210, "fields": {"action_time": "2021-10-14T01:01:40.647Z", "user": 1, "content_type": 20, "object_id": "14", "object_repr": "Message object (14)", "action_flag": 3, "change_message": ""}}, {"model": "admin.logentry", "pk": 211, "fields": {"action_time": "2021-10-14T01:01:40.655Z", "user": 1, "content_type": 20, "object_id": "13", "object_repr": "Message object (13)", "action_flag": 3, "change_message": ""}}, {"model": "admin.logentry", "pk": 212, "fields": {"action_time": "2021-10-14T01:01:40.663Z", "user": 1, "content_type": 20, "object_id": "12", "object_repr": "Message object (12)", "action_flag": 3, "change_message": ""}}, {"model": "admin.logentry", "pk": 213, "fields": {"action_time": "2021-10-14T01:01:40.671Z", "user": 1, "content_type": 20, "object_id": "11", "object_repr": "Message object (11)", "action_flag": 3, "change_message": ""}}, {"model": "admin.logentry", "pk": 214, "fields": {"action_time": "2021-10-14T01:01:40.679Z", "user": 1, "content_type": 20, "object_id": "10", "object_repr": "Message object (10)", "action_flag": 3, "change_message": ""}}, {"model": "admin.logentry", "pk": 215, "fields": {"action_time": "2021-10-14T01:03:09.753Z", "user": 1, "content_type": 20, "object_id": "21", "object_repr": "Message object (21)", "action_flag": 3, "change_message": ""}}, {"model": "admin.logentry", "pk": 216, "fields": {"action_time": "2021-10-14T01:03:09.778Z", "user": 1, "content_type": 20, "object_id": "20", "object_repr": "Message object (20)", "action_flag": 3, "change_message": ""}}, {"model": "admin.logentry", "pk": 217, "fields": {"action_time": "2021-10-14T01:54:45.859Z", "user": 1, "content_type": 20, "object_id": "23", "object_repr": "Message object (23)", "action_flag": 3, "change_message": ""}}, {"model": "admin.logentry", "pk": 218, "fields": {"action_time": "2021-10-14T01:54:45.865Z", "user": 1, "content_type": 20, "object_id": "22", "object_repr": "Message object (22)", "action_flag": 3, "change_message": ""}}, {"model": "admin.logentry", "pk": 219, "fields": {"action_time": "2021-10-14T02:04:38.900Z", "user": 1, "content_type": 20, "object_id": "35", "object_repr": "Message object (35)", "action_flag": 3, "change_message": ""}}, {"model": "admin.logentry", "pk": 220, "fields": {"action_time": "2021-10-14T02:04:38.905Z", "user": 1, "content_type": 20, "object_id": "34", "object_repr": "Message object (34)", "action_flag": 3, "change_message": ""}}, {"model": "admin.logentry", "pk": 221, "fields": {"action_time": "2021-10-14T02:04:38.911Z", "user": 1, "content_type": 20, "object_id": "33", "object_repr": "Message object (33)", "action_flag": 3, "change_message": ""}}, {"model": "admin.logentry", "pk": 222, "fields": {"action_time": "2021-10-14T02:04:38.917Z", "user": 1, "content_type": 20, "object_id": "32", "object_repr": "Message object (32)", "action_flag": 3, "change_message": ""}}, {"model": "admin.logentry", "pk": 223, "fields": {"action_time": "2021-10-14T02:04:38.922Z", "user": 1, "content_type": 20, "object_id": "31", "object_repr": "Message object (31)", "action_flag": 3, "change_message": ""}}, {"model": "admin.logentry", "pk": 224, "fields": {"action_time": "2021-10-14T02:04:38.927Z", "user": 1, "content_type": 20, "object_id": "30", "object_repr": "Message object (30)", "action_flag": 3, "change_message": ""}}, {"model": "admin.logentry", "pk": 225, "fields": {"action_time": "2021-10-14T02:04:38.932Z", "user": 1, "content_type": 20, "object_id": "29", "object_repr": "Message object (29)", "action_flag": 3, "change_message": ""}}, {"model": "admin.logentry", "pk": 226, "fields": {"action_time": "2021-10-14T02:04:38.938Z", "user": 1, "content_type": 20, "object_id": "28", "object_repr": "Message object (28)", "action_flag": 3, "change_message": ""}}, {"model": "admin.logentry", "pk": 227, "fields": {"action_time": "2021-10-14T02:04:38.943Z", "user": 1, "content_type": 20, "object_id": "27", "object_repr": "Message object (27)", "action_flag": 3, "change_message": ""}}, {"model": "admin.logentry", "pk": 228, "fields": {"action_time": "2021-10-14T02:04:38.949Z", "user": 1, "content_type": 20, "object_id": "26", "object_repr": "Message object (26)", "action_flag": 3, "change_message": ""}}, {"model": "admin.logentry", "pk": 229, "fields": {"action_time": "2021-10-14T02:04:38.955Z", "user": 1, "content_type": 20, "object_id": "25", "object_repr": "Message object (25)", "action_flag": 3, "change_message": ""}}, {"model": "admin.logentry", "pk": 230, "fields": {"action_time": "2021-10-14T02:04:38.961Z", "user": 1, "content_type": 20, "object_id": "24", "object_repr": "Message object (24)", "action_flag": 3, "change_message": ""}}, {"model": "admin.logentry", "pk": 231, "fields": {"action_time": "2021-10-14T02:06:48.836Z", "user": 1, "content_type": 20, "object_id": "39", "object_repr": "Message object (39)", "action_flag": 3, "change_message": ""}}, {"model": "admin.logentry", "pk": 232, "fields": {"action_time": "2021-10-14T02:06:48.842Z", "user": 1, "content_type": 20, "object_id": "38", "object_repr": "Message object (38)", "action_flag": 3, "change_message": ""}}, {"model": "admin.logentry", "pk": 233, "fields": {"action_time": "2021-10-14T02:06:48.847Z", "user": 1, "content_type": 20, "object_id": "37", "object_repr": "Message object (37)", "action_flag": 3, "change_message": ""}}, {"model": "admin.logentry", "pk": 234, "fields": {"action_time": "2021-10-14T02:06:48.852Z", "user": 1, "content_type": 20, "object_id": "36", "object_repr": "Message object (36)", "action_flag": 3, "change_message": ""}}, {"model": "admin.logentry", "pk": 235, "fields": {"action_time": "2021-10-14T02:07:36.829Z", "user": 1, "content_type": 20, "object_id": "43", "object_repr": "Message object (43)", "action_flag": 3, "change_message": ""}}, {"model": "admin.logentry", "pk": 236, "fields": {"action_time": "2021-10-14T02:07:36.835Z", "user": 1, "content_type": 20, "object_id": "42", "object_repr": "Message object (42)", "action_flag": 3, "change_message": ""}}, {"model": "admin.logentry", "pk": 237, "fields": {"action_time": "2021-10-14T02:07:36.841Z", "user": 1, "content_type": 20, "object_id": "41", "object_repr": "Message object (41)", "action_flag": 3, "change_message": ""}}, {"model": "admin.logentry", "pk": 238, "fields": {"action_time": "2021-10-14T02:07:36.847Z", "user": 1, "content_type": 20, "object_id": "40", "object_repr": "Message object (40)", "action_flag": 3, "change_message": ""}}, {"model": "admin.logentry", "pk": 239, "fields": {"action_time": "2021-10-14T02:12:27.140Z", "user": 1, "content_type": 20, "object_id": "55", "object_repr": "Message object (55)", "action_flag": 3, "change_message": ""}}, {"model": "admin.logentry", "pk": 240, "fields": {"action_time": "2021-10-14T02:12:27.147Z", "user": 1, "content_type": 20, "object_id": "54", "object_repr": "Message object (54)", "action_flag": 3, "change_message": ""}}, {"model": "admin.logentry", "pk": 241, "fields": {"action_time": "2021-10-14T02:12:27.152Z", "user": 1, "content_type": 20, "object_id": "53", "object_repr": "Message object (53)", "action_flag": 3, "change_message": ""}}, {"model": "admin.logentry", "pk": 242, "fields": {"action_time": "2021-10-14T02:12:27.158Z", "user": 1, "content_type": 20, "object_id": "52", "object_repr": "Message object (52)", "action_flag": 3, "change_message": ""}}, {"model": "admin.logentry", "pk": 243, "fields": {"action_time": "2021-10-14T02:12:27.164Z", "user": 1, "content_type": 20, "object_id": "51", "object_repr": "Message object (51)", "action_flag": 3, "change_message": ""}}, {"model": "admin.logentry", "pk": 244, "fields": {"action_time": "2021-10-14T02:12:27.169Z", "user": 1, "content_type": 20, "object_id": "50", "object_repr": "Message object (50)", "action_flag": 3, "change_message": ""}}, {"model": "admin.logentry", "pk": 245, "fields": {"action_time": "2021-10-14T02:12:27.176Z", "user": 1, "content_type": 20, "object_id": "49", "object_repr": "Message object (49)", "action_flag": 3, "change_message": ""}}, {"model": "admin.logentry", "pk": 246, "fields": {"action_time": "2021-10-14T02:12:27.182Z", "user": 1, "content_type": 20, "object_id": "48", "object_repr": "Message object (48)", "action_flag": 3, "change_message": ""}}, {"model": "admin.logentry", "pk": 247, "fields": {"action_time": "2021-10-14T02:12:27.187Z", "user": 1, "content_type": 20, "object_id": "47", "object_repr": "Message object (47)", "action_flag": 3, "change_message": ""}}, {"model": "admin.logentry", "pk": 248, "fields": {"action_time": "2021-10-14T02:12:27.193Z", "user": 1, "content_type": 20, "object_id": "46", "object_repr": "Message object (46)", "action_flag": 3, "change_message": ""}}, {"model": "admin.logentry", "pk": 249, "fields": {"action_time": "2021-10-14T02:12:27.198Z", "user": 1, "content_type": 20, "object_id": "45", "object_repr": "Message object (45)", "action_flag": 3, "change_message": ""}}, {"model": "admin.logentry", "pk": 250, "fields": {"action_time": "2021-10-14T02:12:27.204Z", "user": 1, "content_type": 20, "object_id": "44", "object_repr": "Message object (44)", "action_flag": 3, "change_message": ""}}, {"model": "admin.logentry", "pk": 251, "fields": {"action_time": "2021-10-14T02:34:20.409Z", "user": 1, "content_type": 20, "object_id": "65", "object_repr": "Message object (65)", "action_flag": 3, "change_message": ""}}, {"model": "admin.logentry", "pk": 252, "fields": {"action_time": "2021-10-14T02:34:20.416Z", "user": 1, "content_type": 20, "object_id": "64", "object_repr": "Message object (64)", "action_flag": 3, "change_message": ""}}, {"model": "admin.logentry", "pk": 253, "fields": {"action_time": "2021-10-14T02:34:20.422Z", "user": 1, "content_type": 20, "object_id": "63", "object_repr": "Message object (63)", "action_flag": 3, "change_message": ""}}, {"model": "admin.logentry", "pk": 254, "fields": {"action_time": "2021-10-14T02:34:20.428Z", "user": 1, "content_type": 20, "object_id": "62", "object_repr": "Message object (62)", "action_flag": 3, "change_message": ""}}, {"model": "admin.logentry", "pk": 255, "fields": {"action_time": "2021-10-14T02:34:20.435Z", "user": 1, "content_type": 20, "object_id": "61", "object_repr": "Message object (61)", "action_flag": 3, "change_message": ""}}, {"model": "admin.logentry", "pk": 256, "fields": {"action_time": "2021-10-14T02:34:20.441Z", "user": 1, "content_type": 20, "object_id": "60", "object_repr": "Message object (60)", "action_flag": 3, "change_message": ""}}, {"model": "admin.logentry", "pk": 257, "fields": {"action_time": "2021-10-14T02:34:20.447Z", "user": 1, "content_type": 20, "object_id": "59", "object_repr": "Message object (59)", "action_flag": 3, "change_message": ""}}, {"model": "admin.logentry", "pk": 258, "fields": {"action_time": "2021-10-14T02:34:20.453Z", "user": 1, "content_type": 20, "object_id": "58", "object_repr": "Message object (58)", "action_flag": 3, "change_message": ""}}, {"model": "admin.logentry", "pk": 259, "fields": {"action_time": "2021-10-14T02:34:20.459Z", "user": 1, "content_type": 20, "object_id": "57", "object_repr": "Message object (57)", "action_flag": 3, "change_message": ""}}, {"model": "admin.logentry", "pk": 260, "fields": {"action_time": "2021-10-14T02:34:20.465Z", "user": 1, "content_type": 20, "object_id": "56", "object_repr": "Message object (56)", "action_flag": 3, "change_message": ""}}, {"model": "admin.logentry", "pk": 261, "fields": {"action_time": "2021-10-14T02:38:01.655Z", "user": 1, "content_type": 1, "object_id": "41", "object_repr": "jane", "action_flag": 2, "change_message": "[{\"changed\": {\"fields\": [\"Profile Pictures\"]}}]"}}, {"model": "admin.logentry", "pk": 262, "fields": {"action_time": "2021-10-14T04:22:53.915Z", "user": 1, "content_type": 20, "object_id": "90", "object_repr": "Message object (90)", "action_flag": 1, "change_message": "[{\"added\": {}}]"}}, {"model": "admin.logentry", "pk": 263, "fields": {"action_time": "2021-10-14T04:23:17.061Z", "user": 1, "content_type": 20, "object_id": "90", "object_repr": "Message object (90)", "action_flag": 2, "change_message": "[{\"changed\": {\"fields\": [\"Body\"]}}]"}}, {"model": "admin.logentry", "pk": 264, "fields": {"action_time": "2021-10-14T04:23:56.685Z", "user": 1, "content_type": 20, "object_id": "90", "object_repr": "Message object (90)", "action_flag": 2, "change_message": "[{\"changed\": {\"fields\": [\"User\", \"Sender\", \"Recipient\"]}}]"}}, {"model": "admin.logentry", "pk": 265, "fields": {"action_time": "2021-10-14T10:02:17.225Z", "user": 1, "content_type": 20, "object_id": "92", "object_repr": "Message object (92)", "action_flag": 3, "change_message": ""}}, {"model": "admin.logentry", "pk": 266, "fields": {"action_time": "2021-10-14T10:02:17.233Z", "user": 1, "content_type": 20, "object_id": "91", "object_repr": "Message object (91)", "action_flag": 3, "change_message": ""}}, {"model": "admin.logentry", "pk": 267, "fields": {"action_time": "2021-10-14T10:02:17.243Z", "user": 1, "content_type": 20, "object_id": "90", "object_repr": "Message object (90)", "action_flag": 3, "change_message": ""}}, {"model": "admin.logentry", "pk": 268, "fields": {"action_time": "2021-10-14T10:02:17.251Z", "user": 1, "content_type": 20, "object_id": "89", "object_repr": "Message object (89)", "action_flag": 3, "change_message": ""}}, {"model": "admin.logentry", "pk": 269, "fields": {"action_time": "2021-10-14T10:02:17.259Z", "user": 1, "content_type": 20, "object_id": "88", "object_repr": "Message object (88)", "action_flag": 3, "change_message": ""}}, {"model": "admin.logentry", "pk": 270, "fields": {"action_time": "2021-10-14T10:02:17.266Z", "user": 1, "content_type": 20, "object_id": "87", "object_repr": "Message object (87)", "action_flag": 3, "change_message": ""}}, {"model": "admin.logentry", "pk": 271, "fields": {"action_time": "2021-10-14T10:02:17.274Z", "user": 1, "content_type": 20, "object_id": "86", "object_repr": "Message object (86)", "action_flag": 3, "change_message": ""}}, {"model": "admin.logentry", "pk": 272, "fields": {"action_time": "2021-10-14T10:02:17.281Z", "user": 1, "content_type": 20, "object_id": "85", "object_repr": "Message object (85)", "action_flag": 3, "change_message": ""}}, {"model": "admin.logentry", "pk": 273, "fields": {"action_time": "2021-10-14T10:02:17.290Z", "user": 1, "content_type": 20, "object_id": "84", "object_repr": "Message object (84)", "action_flag": 3, "change_message": ""}}, {"model": "admin.logentry", "pk": 274, "fields": {"action_time": "2021-10-14T10:02:17.297Z", "user": 1, "content_type": 20, "object_id": "83", "object_repr": "Message object (83)", "action_flag": 3, "change_message": ""}}, {"model": "admin.logentry", "pk": 275, "fields": {"action_time": "2021-10-14T10:02:17.304Z", "user": 1, "content_type": 20, "object_id": "82", "object_repr": "Message object (82)", "action_flag": 3, "change_message": ""}}, {"model": "admin.logentry", "pk": 276, "fields": {"action_time": "2021-10-14T10:02:17.311Z", "user": 1, "content_type": 20, "object_id": "81", "object_repr": "Message object (81)", "action_flag": 3, "change_message": ""}}, {"model": "admin.logentry", "pk": 277, "fields": {"action_time": "2021-10-14T10:02:17.319Z", "user": 1, "content_type": 20, "object_id": "80", "object_repr": "Message object (80)", "action_flag": 3, "change_message": ""}}, {"model": "admin.logentry", "pk": 278, "fields": {"action_time": "2021-10-14T10:02:17.326Z", "user": 1, "content_type": 20, "object_id": "79", "object_repr": "Message object (79)", "action_flag": 3, "change_message": ""}}, {"model": "admin.logentry", "pk": 279, "fields": {"action_time": "2021-10-14T10:02:17.337Z", "user": 1, "content_type": 20, "object_id": "78", "object_repr": "Message object (78)", "action_flag": 3, "change_message": ""}}, {"model": "admin.logentry", "pk": 280, "fields": {"action_time": "2021-10-14T10:02:17.345Z", "user": 1, "content_type": 20, "object_id": "77", "object_repr": "Message object (77)", "action_flag": 3, "change_message": ""}}, {"model": "admin.logentry", "pk": 281, "fields": {"action_time": "2021-10-14T10:02:17.354Z", "user": 1, "content_type": 20, "object_id": "76", "object_repr": "Message object (76)", "action_flag": 3, "change_message": ""}}, {"model": "admin.logentry", "pk": 282, "fields": {"action_time": "2021-10-14T10:02:17.359Z", "user": 1, "content_type": 20, "object_id": "75", "object_repr": "Message object (75)", "action_flag": 3, "change_message": ""}}, {"model": "admin.logentry", "pk": 283, "fields": {"action_time": "2021-10-14T10:02:17.367Z", "user": 1, "content_type": 20, "object_id": "74", "object_repr": "Message object (74)", "action_flag": 3, "change_message": ""}}, {"model": "admin.logentry", "pk": 284, "fields": {"action_time": "2021-10-14T10:02:17.374Z", "user": 1, "content_type": 20, "object_id": "73", "object_repr": "Message object (73)", "action_flag": 3, "change_message": ""}}, {"model": "admin.logentry", "pk": 285, "fields": {"action_time": "2021-10-14T10:02:17.383Z", "user": 1, "content_type": 20, "object_id": "72", "object_repr": "Message object (72)", "action_flag": 3, "change_message": ""}}, {"model": "admin.logentry", "pk": 286, "fields": {"action_time": "2021-10-14T10:02:17.388Z", "user": 1, "content_type": 20, "object_id": "71", "object_repr": "Message object (71)", "action_flag": 3, "change_message": ""}}, {"model": "admin.logentry", "pk": 287, "fields": {"action_time": "2021-10-14T10:02:17.393Z", "user": 1, "content_type": 20, "object_id": "70", "object_repr": "Message object (70)", "action_flag": 3, "change_message": ""}}, {"model": "admin.logentry", "pk": 288, "fields": {"action_time": "2021-10-14T10:02:17.398Z", "user": 1, "content_type": 20, "object_id": "69", "object_repr": "Message object (69)", "action_flag": 3, "change_message": ""}}, {"model": "admin.logentry", "pk": 289, "fields": {"action_time": "2021-10-14T10:02:17.403Z", "user": 1, "content_type": 20, "object_id": "68", "object_repr": "Message object (68)", "action_flag": 3, "change_message": ""}}, {"model": "admin.logentry", "pk": 290, "fields": {"action_time": "2021-10-14T10:02:17.408Z", "user": 1, "content_type": 20, "object_id": "67", "object_repr": "Message object (67)", "action_flag": 3, "change_message": ""}}, {"model": "admin.logentry", "pk": 291, "fields": {"action_time": "2021-10-14T10:02:17.413Z", "user": 1, "content_type": 20, "object_id": "66", "object_repr": "Message object (66)", "action_flag": 3, "change_message": ""}}, {"model": "admin.logentry", "pk": 292, "fields": {"action_time": "2021-10-14T12:24:15.079Z", "user": 1, "content_type": 1, "object_id": "43", "object_repr": "michael", "action_flag": 3, "change_message": ""}}, {"model": "admin.logentry", "pk": 293, "fields": {"action_time": "2021-10-15T08:07:50.244Z", "user": 1, "content_type": 1, "object_id": "44", "object_repr": "james", "action_flag": 2, "change_message": "[{\"changed\": {\"fields\": [\"Active\"]}}]"}}, {"model": "admin.logentry", "pk": 294, "fields": {"action_time": "2021-10-15T09:39:30.350Z", "user": 1, "content_type": 2, "object_id": "22", "object_repr": "joss sticks Profile", "action_flag": 2, "change_message": "[{\"changed\": {\"fields\": [\"Hourly rate\"]}}]"}}, {"model": "admin.logentry", "pk": 295, "fields": {"action_time": "2021-10-15T09:40:30.687Z", "user": 1, "content_type": 2, "object_id": "22", "object_repr": "joss sticks Profile", "action_flag": 2, "change_message": "[{\"changed\": {\"fields\": [\"Hourly rate\"]}}]"}}, {"model": "admin.logentry", "pk": 296, "fields": {"action_time": "2021-10-15T09:40:37.518Z", "user": 1, "content_type": 2, "object_id": "23", "object_repr": "john doe Profile", "action_flag": 2, "change_message": "[{\"changed\": {\"fields\": [\"Hourly rate\"]}}]"}}, {"model": "admin.logentry", "pk": 297, "fields": {"action_time": "2021-10-16T11:46:52.161Z", "user": 1, "content_type": 21, "object_id": "1", "object_repr": "session 1 with joss and jane", "action_flag": 3, "change_message": ""}}, {"model": "admin.logentry", "pk": 298, "fields": {"action_time": "2021-10-16T11:49:48.593Z", "user": 1, "content_type": 21, "object_id": "2", "object_repr": "session 2 with joss and jane", "action_flag": 3, "change_message": ""}}, {"model": "admin.logentry", "pk": 299, "fields": {"action_time": "2021-10-16T11:51:49.249Z", "user": 1, "content_type": 21, "object_id": "3", "object_repr": "session 3 with joss and jane", "action_flag": 3, "change_message": ""}}, {"model": "admin.logentry", "pk": 300, "fields": {"action_time": "2021-10-16T12:02:58.987Z", "user": 1, "content_type": 21, "object_id": "4", "object_repr": "session 4 with joss and jane", "action_flag": 3, "change_message": ""}}, {"model": "admin.logentry", "pk": 301, "fields": {"action_time": "2021-10-16T12:04:04.145Z", "user": 1, "content_type": 21, "object_id": "5", "object_repr": "session 5 with joss and jane", "action_flag": 3, "change_message": ""}}, {"model": "admin.logentry", "pk": 302, "fields": {"action_time": "2021-10-16T12:30:18.097Z", "user": 1, "content_type": 21, "object_id": "6", "object_repr": "session 6 with joss and jane", "action_flag": 3, "change_message": ""}}, {"model": "admin.logentry", "pk": 303, "fields": {"action_time": "2021-10-16T12:33:28.871Z", "user": 1, "content_type": 21, "object_id": "7", "object_repr": "session 7 with joss and jane", "action_flag": 3, "change_message": ""}}, {"model": "admin.logentry", "pk": 304, "fields": {"action_time": "2021-10-16T12:34:07.346Z", "user": 1, "content_type": 21, "object_id": "8", "object_repr": "session 8 with joss and jane", "action_flag": 3, "change_message": ""}}, {"model": "admin.logentry", "pk": 305, "fields": {"action_time": "2021-10-16T12:42:51.588Z", "user": 1, "content_type": 20, "object_id": "110", "object_repr": "Message object (110)", "action_flag": 3, "change_message": ""}}, {"model": "admin.logentry", "pk": 306, "fields": {"action_time": "2021-10-16T12:42:51.596Z", "user": 1, "content_type": 20, "object_id": "109", "object_repr": "Message object (109)", "action_flag": 3, "change_message": ""}}, {"model": "admin.logentry", "pk": 307, "fields": {"action_time": "2021-10-16T12:42:51.604Z", "user": 1, "content_type": 20, "object_id": "108", "object_repr": "Message object (108)", "action_flag": 3, "change_message": ""}}, {"model": "admin.logentry", "pk": 308, "fields": {"action_time": "2021-10-16T12:42:51.612Z", "user": 1, "content_type": 20, "object_id": "107", "object_repr": "Message object (107)", "action_flag": 3, "change_message": ""}}, {"model": "admin.logentry", "pk": 309, "fields": {"action_time": "2021-10-16T12:42:51.620Z", "user": 1, "content_type": 20, "object_id": "106", "object_repr": "Message object (106)", "action_flag": 3, "change_message": ""}}, {"model": "admin.logentry", "pk": 310, "fields": {"action_time": "2021-10-16T12:42:51.628Z", "user": 1, "content_type": 20, "object_id": "105", "object_repr": "Message object (105)", "action_flag": 3, "change_message": ""}}, {"model": "admin.logentry", "pk": 311, "fields": {"action_time": "2021-10-16T12:42:51.636Z", "user": 1, "content_type": 20, "object_id": "104", "object_repr": "Message object (104)", "action_flag": 3, "change_message": ""}}, {"model": "admin.logentry", "pk": 312, "fields": {"action_time": "2021-10-16T12:42:51.636Z", "user": 1, "content_type": 20, "object_id": "103", "object_repr": "Message object (103)", "action_flag": 3, "change_message": ""}}, {"model": "admin.logentry", "pk": 313, "fields": {"action_time": "2021-10-16T12:42:51.644Z", "user": 1, "content_type": 20, "object_id": "102", "object_repr": "Message object (102)", "action_flag": 3, "change_message": ""}}, {"model": "admin.logentry", "pk": 314, "fields": {"action_time": "2021-10-16T12:42:51.652Z", "user": 1, "content_type": 20, "object_id": "101", "object_repr": "Message object (101)", "action_flag": 3, "change_message": ""}}, {"model": "admin.logentry", "pk": 315, "fields": {"action_time": "2021-10-16T12:42:51.660Z", "user": 1, "content_type": 20, "object_id": "100", "object_repr": "Message object (100)", "action_flag": 3, "change_message": ""}}, {"model": "admin.logentry", "pk": 316, "fields": {"action_time": "2021-10-16T12:42:51.668Z", "user": 1, "content_type": 20, "object_id": "99", "object_repr": "Message object (99)", "action_flag": 3, "change_message": ""}}, {"model": "admin.logentry", "pk": 317, "fields": {"action_time": "2021-10-16T12:42:51.676Z", "user": 1, "content_type": 20, "object_id": "98", "object_repr": "Message object (98)", "action_flag": 3, "change_message": ""}}, {"model": "admin.logentry", "pk": 318, "fields": {"action_time": "2021-10-16T12:42:51.684Z", "user": 1, "content_type": 20, "object_id": "97", "object_repr": "Message object (97)", "action_flag": 3, "change_message": ""}}, {"model": "admin.logentry", "pk": 319, "fields": {"action_time": "2021-10-16T12:42:51.692Z", "user": 1, "content_type": 20, "object_id": "96", "object_repr": "Message object (96)", "action_flag": 3, "change_message": ""}}, {"model": "admin.logentry", "pk": 320, "fields": {"action_time": "2021-10-16T12:42:51.692Z", "user": 1, "content_type": 20, "object_id": "95", "object_repr": "Message object (95)", "action_flag": 3, "change_message": ""}}, {"model": "admin.logentry", "pk": 321, "fields": {"action_time": "2021-10-16T12:42:51.700Z", "user": 1, "content_type": 20, "object_id": "94", "object_repr": "Message object (94)", "action_flag": 3, "change_message": ""}}, {"model": "admin.logentry", "pk": 322, "fields": {"action_time": "2021-10-16T12:42:51.708Z", "user": 1, "content_type": 20, "object_id": "93", "object_repr": "Message object (93)", "action_flag": 3, "change_message": ""}}, {"model": "admin.logentry", "pk": 323, "fields": {"action_time": "2021-10-16T12:43:29.600Z", "user": 1, "content_type": 20, "object_id": "112", "object_repr": "Message object (112)", "action_flag": 3, "change_message": ""}}, {"model": "admin.logentry", "pk": 324, "fields": {"action_time": "2021-10-16T12:43:29.631Z", "user": 1, "content_type": 20, "object_id": "111", "object_repr": "Message object (111)", "action_flag": 3, "change_message": ""}}, {"model": "admin.logentry", "pk": 325, "fields": {"action_time": "2021-10-17T01:53:44.125Z", "user": 1, "content_type": 21, "object_id": "9", "object_repr": "Bookings object (9)", "action_flag": 2, "change_message": "[{\"changed\": {\"fields\": [\"Student msg\"]}}]"}}, {"model": "admin.logentry", "pk": 326, "fields": {"action_time": "2021-10-18T05:26:09.130Z", "user": 1, "content_type": 1, "object_id": "45", "object_repr": "studentt", "action_flag": 1, "change_message": "[{\"added\": {}}]"}}, {"model": "admin.logentry", "pk": 327, "fields": {"action_time": "2021-10-18T07:48:13.590Z", "user": 1, "content_type": 1, "object_id": "45", "object_repr": "studentt", "action_flag": 3, "change_message": ""}}, {"model": "auth.permission", "pk": 1, "fields": {"name": "Can add user", "content_type": 1, "codename": "add_user"}}, {"model": "auth.permission", "pk": 2, "fields": {"name": "Can change user", "content_type": 1, "codename": "change_user"}}, {"model": "auth.permission", "pk": 3, "fields": {"name": "Can delete user", "content_type": 1, "codename": "delete_user"}}, {"model": "auth.permission", "pk": 4, "fields": {"name": "Can view user", "content_type": 1, "codename": "view_user"}}, {"model": "auth.permission", "pk": 5, "fields": {"name": "Can add tutor profile", "content_type": 2, "codename": "add_tutorprofile"}}, {"model": "auth.permission", "pk": 6, "fields": {"name": "Can change tutor profile", "content_type": 2, "codename": "change_tutorprofile"}}, {"model": "auth.permission", "pk": 7, "fields": {"name": "Can delete tutor profile", "content_type": 2, "codename": "delete_tutorprofile"}}, {"model": "auth.permission", "pk": 8, "fields": {"name": "Can view tutor profile", "content_type": 2, "codename": "view_tutorprofile"}}, {"model": "auth.permission", "pk": 9, "fields": {"name": "Can add student profile", "content_type": 3, "codename": "add_studentprofile"}}, {"model": "auth.permission", "pk": 10, "fields": {"name": "Can change student profile", "content_type": 3, "codename": "change_studentprofile"}}, {"model": "auth.permission", "pk": 11, "fields": {"name": "Can delete student profile", "content_type": 3, "codename": "delete_studentprofile"}}, {"model": "auth.permission", "pk": 12, "fields": {"name": "Can view student profile", "content_type": 3, "codename": "view_studentprofile"}}, {"model": "auth.permission", "pk": 13, "fields": {"name": "Can add application", "content_type": 4, "codename": "add_application"}}, {"model": "auth.permission", "pk": 14, "fields": {"name": "Can change application", "content_type": 4, "codename": "change_application"}}, {"model": "auth.permission", "pk": 15, "fields": {"name": "Can delete application", "content_type": 4, "codename": "delete_application"}}, {"model": "auth.permission", "pk": 16, "fields": {"name": "Can view application", "content_type": 4, "codename": "view_application"}}, {"model": "auth.permission", "pk": 17, "fields": {"name": "Can add log entry", "content_type": 5, "codename": "add_logentry"}}, {"model": "auth.permission", "pk": 18, "fields": {"name": "Can change log entry", "content_type": 5, "codename": "change_logentry"}}, {"model": "auth.permission", "pk": 19, "fields": {"name": "Can delete log entry", "content_type": 5, "codename": "delete_logentry"}}, {"model": "auth.permission", "pk": 20, "fields": {"name": "Can view log entry", "content_type": 5, "codename": "view_logentry"}}, {"model": "auth.permission", "pk": 21, "fields": {"name": "Can add permission", "content_type": 6, "codename": "add_permission"}}, {"model": "auth.permission", "pk": 22, "fields": {"name": "Can change permission", "content_type": 6, "codename": "change_permission"}}, {"model": "auth.permission", "pk": 23, "fields": {"name": "Can delete permission", "content_type": 6, "codename": "delete_permission"}}, {"model": "auth.permission", "pk": 24, "fields": {"name": "Can view permission", "content_type": 6, "codename": "view_permission"}}, {"model": "auth.permission", "pk": 25, "fields": {"name": "Can add group", "content_type": 7, "codename": "add_group"}}, {"model": "auth.permission", "pk": 26, "fields": {"name": "Can change group", "content_type": 7, "codename": "change_group"}}, {"model": "auth.permission", "pk": 27, "fields": {"name": "Can delete group", "content_type": 7, "codename": "delete_group"}}, {"model": "auth.permission", "pk": 28, "fields": {"name": "Can view group", "content_type": 7, "codename": "view_group"}}, {"model": "auth.permission", "pk": 29, "fields": {"name": "Can add content type", "content_type": 8, "codename": "add_contenttype"}}, {"model": "auth.permission", "pk": 30, "fields": {"name": "Can change content type", "content_type": 8, "codename": "change_contenttype"}}, {"model": "auth.permission", "pk": 31, "fields": {"name": "Can delete content type", "content_type": 8, "codename": "delete_contenttype"}}, {"model": "auth.permission", "pk": 32, "fields": {"name": "Can view content type", "content_type": 8, "codename": "view_contenttype"}}, {"model": "auth.permission", "pk": 33, "fields": {"name": "Can add session", "content_type": 9, "codename": "add_session"}}, {"model": "auth.permission", "pk": 34, "fields": {"name": "Can change session", "content_type": 9, "codename": "change_session"}}, {"model": "auth.permission", "pk": 35, "fields": {"name": "Can delete session", "content_type": 9, "codename": "delete_session"}}, {"model": "auth.permission", "pk": 36, "fields": {"name": "Can view session", "content_type": 9, "codename": "view_session"}}, {"model": "auth.permission", "pk": 37, "fields": {"name": "Can add lesson", "content_type": 10, "codename": "add_lesson"}}, {"model": "auth.permission", "pk": 38, "fields": {"name": "Can change lesson", "content_type": 10, "codename": "change_lesson"}}, {"model": "auth.permission", "pk": 39, "fields": {"name": "Can delete lesson", "content_type": 10, "codename": "delete_lesson"}}, {"model": "auth.permission", "pk": 40, "fields": {"name": "Can view lesson", "content_type": 10, "codename": "view_lesson"}}, {"model": "auth.permission", "pk": 41, "fields": {"name": "Can add working days", "content_type": 11, "codename": "add_workingdays"}}, {"model": "auth.permission", "pk": 42, "fields": {"name": "Can change working days", "content_type": 11, "codename": "change_workingdays"}}, {"model": "auth.permission", "pk": 43, "fields": {"name": "Can delete working days", "content_type": 11, "codename": "delete_workingdays"}}, {"model": "auth.permission", "pk": 44, "fields": {"name": "Can view working days", "content_type": 11, "codename": "view_workingdays"}}, {"model": "auth.permission", "pk": 45, "fields": {"name": "Can add reply", "content_type": 12, "codename": "add_reply"}}, {"model": "auth.permission", "pk": 46, "fields": {"name": "Can change reply", "content_type": 12, "codename": "change_reply"}}, {"model": "auth.permission", "pk": 47, "fields": {"name": "Can delete reply", "content_type": 12, "codename": "delete_reply"}}, {"model": "auth.permission", "pk": 48, "fields": {"name": "Can view reply", "content_type": 12, "codename": "view_reply"}}, {"model": "auth.permission", "pk": 49, "fields": {"name": "Can add comment", "content_type": 13, "codename": "add_comment"}}, {"model": "auth.permission", "pk": 50, "fields": {"name": "Can change comment", "content_type": 13, "codename": "change_comment"}}, {"model": "auth.permission", "pk": 51, "fields": {"name": "Can delete comment", "content_type": 13, "codename": "delete_comment"}}, {"model": "auth.permission", "pk": 52, "fields": {"name": "Can view comment", "content_type": 13, "codename": "view_comment"}}, {"model": "auth.permission", "pk": 53, "fields": {"name": "Can add slot subject", "content_type": 14, "codename": "add_slotsubject"}}, {"model": "auth.permission", "pk": 54, "fields": {"name": "Can change slot subject", "content_type": 14, "codename": "change_slotsubject"}}, {"model": "auth.permission", "pk": 55, "fields": {"name": "Can delete slot subject", "content_type": 14, "codename": "delete_slotsubject"}}, {"model": "auth.permission", "pk": 56, "fields": {"name": "Can view slot subject", "content_type": 14, "codename": "view_slotsubject"}}, {"model": "auth.permission", "pk": 57, "fields": {"name": "Can add subject", "content_type": 15, "codename": "add_subject"}}, {"model": "auth.permission", "pk": 58, "fields": {"name": "Can change subject", "content_type": 15, "codename": "change_subject"}}, {"model": "auth.permission", "pk": 59, "fields": {"name": "Can delete subject", "content_type": 15, "codename": "delete_subject"}}, {"model": "auth.permission", "pk": 60, "fields": {"name": "Can view subject", "content_type": 15, "codename": "view_subject"}}, {"model": "auth.permission", "pk": 61, "fields": {"name": "Can add time slots", "content_type": 16, "codename": "add_timeslots"}}, {"model": "auth.permission", "pk": 62, "fields": {"name": "Can change time slots", "content_type": 16, "codename": "change_timeslots"}}, {"model": "auth.permission", "pk": 63, "fields": {"name": "Can delete time slots", "content_type": 16, "codename": "delete_timeslots"}}, {"model": "auth.permission", "pk": 64, "fields": {"name": "Can view time slots", "content_type": 16, "codename": "view_timeslots"}}, {"model": "auth.permission", "pk": 65, "fields": {"name": "Can add classroom", "content_type": 17, "codename": "add_classroom"}}, {"model": "auth.permission", "pk": 66, "fields": {"name": "Can change classroom", "content_type": 17, "codename": "change_classroom"}}, {"model": "auth.permission", "pk": 67, "fields": {"name": "Can delete classroom", "content_type": 17, "codename": "delete_classroom"}}, {"model": "auth.permission", "pk": 68, "fields": {"name": "Can view classroom", "content_type": 17, "codename": "view_classroom"}}, {"model": "auth.permission", "pk": 69, "fields": {"name": "Can add rating", "content_type": 18, "codename": "add_rating"}}, {"model": "auth.permission", "pk": 70, "fields": {"name": "Can change rating", "content_type": 18, "codename": "change_rating"}}, {"model": "auth.permission", "pk": 71, "fields": {"name": "Can delete rating", "content_type": 18, "codename": "delete_rating"}}, {"model": "auth.permission", "pk": 72, "fields": {"name": "Can view rating", "content_type": 18, "codename": "view_rating"}}, {"model": "auth.permission", "pk": 73, "fields": {"name": "Can add user rating", "content_type": 19, "codename": "add_userrating"}}, {"model": "auth.permission", "pk": 74, "fields": {"name": "Can change user rating", "content_type": 19, "codename": "change_userrating"}}, {"model": "auth.permission", "pk": 75, "fields": {"name": "Can delete user rating", "content_type": 19, "codename": "delete_userrating"}}, {"model": "auth.permission", "pk": 76, "fields": {"name": "Can view user rating", "content_type": 19, "codename": "view_userrating"}}, {"model": "auth.permission", "pk": 77, "fields": {"name": "Can add message", "content_type": 20, "codename": "add_message"}}, {"model": "auth.permission", "pk": 78, "fields": {"name": "Can change message", "content_type": 20, "codename": "change_message"}}, {"model": "auth.permission", "pk": 79, "fields": {"name": "Can delete message", "content_type": 20, "codename": "delete_message"}}, {"model": "auth.permission", "pk": 80, "fields": {"name": "Can view message", "content_type": 20, "codename": "view_message"}}, {"model": "auth.permission", "pk": 81, "fields": {"name": "Can add bookings", "content_type": 21, "codename": "add_bookings"}}, {"model": "auth.permission", "pk": 82, "fields": {"name": "Can change bookings", "content_type": 21, "codename": "change_bookings"}}, {"model": "auth.permission", "pk": 83, "fields": {"name": "Can delete bookings", "content_type": 21, "codename": "delete_bookings"}}, {"model": "auth.permission", "pk": 84, "fields": {"name": "Can view bookings", "content_type": 21, "codename": "view_bookings"}}, {"model": "auth.permission", "pk": 85, "fields": {"name": "Can add tutorship", "content_type": 22, "codename": "add_tutorship"}}, {"model": "auth.permission", "pk": 86, "fields": {"name": "Can change tutorship", "content_type": 22, "codename": "change_tutorship"}}, {"model": "auth.permission", "pk": 87, "fields": {"name": "Can delete tutorship", "content_type": 22, "codename": "delete_tutorship"}}, {"model": "auth.permission", "pk": 88, "fields": {"name": "Can view tutorship", "content_type": 22, "codename": "view_tutorship"}}, {"model": "contenttypes.contenttype", "pk": 1, "fields": {"app_label": "accounts", "model": "user"}}, {"model": "contenttypes.contenttype", "pk": 2, "fields": {"app_label": "accounts", "model": "tutorprofile"}}, {"model": "contenttypes.contenttype", "pk": 3, "fields": {"app_label": "accounts", "model": "studentprofile"}}, {"model": "contenttypes.contenttype", "pk": 4, "fields": {"app_label": "accounts", "model": "application"}}, {"model": "contenttypes.contenttype", "pk": 5, "fields": {"app_label": "admin", "model": "logentry"}}, {"model": "contenttypes.contenttype", "pk": 6, "fields": {"app_label": "auth", "model": "permission"}}, {"model": "contenttypes.contenttype", "pk": 7, "fields": {"app_label": "auth", "model": "group"}}, {"model": "contenttypes.contenttype", "pk": 8, "fields": {"app_label": "contenttypes", "model": "contenttype"}}, {"model": "contenttypes.contenttype", "pk": 9, "fields": {"app_label": "sessions", "model": "session"}}, {"model": "contenttypes.contenttype", "pk": 10, "fields": {"app_label": "classroom", "model": "lesson"}}, {"model": "contenttypes.contenttype", "pk": 11, "fields": {"app_label": "classroom", "model": "workingdays"}}, {"model": "contenttypes.contenttype", "pk": 12, "fields": {"app_label": "classroom", "model": "reply"}}, {"model": "contenttypes.contenttype", "pk": 13, "fields": {"app_label": "classroom", "model": "comment"}}, {"model": "contenttypes.contenttype", "pk": 14, "fields": {"app_label": "classroom", "model": "slotsubject"}}, {"model": "contenttypes.contenttype", "pk": 15, "fields": {"app_label": "classroom", "model": "subject"}}, {"model": "contenttypes.contenttype", "pk": 16, "fields": {"app_label": "classroom", "model": "timeslots"}}, {"model": "contenttypes.contenttype", "pk": 17, "fields": {"app_label": "classroom", "model": "classroom"}}, {"model": "contenttypes.contenttype", "pk": 18, "fields": {"app_label": "star_ratings", "model": "rating"}}, {"model": "contenttypes.contenttype", "pk": 19, "fields": {"app_label": "star_ratings", "model": "userrating"}}, {"model": "contenttypes.contenttype", "pk": 20, "fields": {"app_label": "direct", "model": "message"}}, {"model": "contenttypes.contenttype", "pk": 21, "fields": {"app_label": "accounts", "model": "bookings"}}, {"model": "contenttypes.contenttype", "pk": 22, "fields": {"app_label": "accounts", "model": "tutorship"}}, {"model": "sessions.session", "pk": "110vnmb94gegqkzbyqihjclxh4a79hy5", "fields": {"session_data": ".eJxVjDsOwjAQBe_iGll24t9S0ucM1q4_OIBsKU4qxN1JpBTQvpl5b-ZxW4vfelr8HNmVSXb53QjDM9UDxAfWe-Oh1XWZiR8KP2nnU4vpdTvdv4OCvew1UjAKgAZB2Wk5unEg62QWWaKV1rhsMesMykaMkMCAEqBpRKWU3F32-QLZEzdU:1mWrGW:Aibol7VesUtqm3-fKjDZUoCxvsIJDW-MQiHFpy6lhJs", "expire_date": "2021-10-17T02:30:12.211Z"}}, {"model": "sessions.session", "pk": "1ncf7ia19yg3syhj0nxez70ayyvqkecj", "fields": {"session_data": ".eJxVjMsOwiAUBf-FtSFQHqku3fsN5HC5SNVAUtqV8d8NSRe6PTNz3iJg30rYO69hSeIirBan3zGCnlwHSQ_Ue5PU6rYuUQ5FHrTLW0v8uh7u30FBL6MmGAUyymbjWRNPFqy8szNZAxszQH7iyOyQdfTIzswOZw1HpDzE5ws0Dzlb:1matCB:GSZbzoF-B9-Y-yrxYKZTemdr-u8-WbefmMtmzb12u-Y", "expire_date": "2021-10-28T05:22:23.449Z"}}, {"model": "sessions.session", "pk": "1ngc3mq98fblkfj7lxe34nqlvqrl72pk", "fields": {"session_data": ".eJxVjDsOwjAQBe_iGll24t9S0ucM1q4_OIBsKU4qxN1JpBTQvpl5b-ZxW4vfelr8HNmVSXb53QjDM9UDxAfWe-Oh1XWZiR8KP2nnU4vpdTvdv4OCvew1UjAKgAZB2Wk5unEg62QWWaKV1rhsMesMykaMkMCAEqBpRKWU3F32-QLZEzdU:1mOYvN:0Y2yhX29seZX0Wi9hVwW-aDQx7go5oEW6estkCItrgg", "expire_date": "2021-09-24T05:18:05.604Z"}}, {"model": "sessions.session", "pk": "1yukd584x96b4616idqsltjb9ynm39ay", "fields": {"session_data": ".eJxVjMsOwiAUBf-FtSFQHqku3fsN5HC5SNVAUtqV8d8NSRe6PTNz3iJg30rYO69hSeIirBan3zGCnlwHSQ_Ue5PU6rYuUQ5FHrTLW0v8uh7u30FBL6MmGAUyymbjWRNPFqy8szNZAxszQH7iyOyQdfTIzswOZw1HpDzE5ws0Dzlb:1mbi9X:70MAxNiw2Mvn3sQ5fw4BrGtrbWH4GkfGim1TGTU6XXA", "expire_date": "2021-10-30T11:47:03.727Z"}}, {"model": "sessions.session", "pk": "2sy8okrrj8cvhzre90jzi95axtjz6lsn", "fields": {"session_data": ".eJxVjMsOwiAUBf-FtSFQHqku3fsN5HC5SNVAUtqV8d8NSRe6PTNz3iJg30rYO69hSeIirBan3zGCnlwHSQ_Ue5PU6rYuUQ5FHrTLW0v8uh7u30FBL6MmGAUyymbjWRNPFqy8szNZAxszQH7iyOyQdfTIzswOZw1HpDzE5ws0Dzlb:1mbh38:oV_agF53z1_ytr8jZRP9RZGYOUBCG-vo74foRNPh9UU", "expire_date": "2021-10-30T10:36:22.259Z"}}, {"model": "sessions.session", "pk": "a7u9jzkz5fv93cbcwhmnwpmpoymmctgp", "fields": {"session_data": ".eJxVjMsOwiAUBf-FtSFQHqku3fsN5HC5SNVAUtqV8d8NSRe6PTNz3iJg30rYO69hSeIirBan3zGCnlwHSQ_Ue5PU6rYuUQ5FHrTLW0v8uh7u30FBL6MmGAUyymbjWRNPFqy8szNZAxszQH7iyOyQdfTIzswOZw1HpDzE5ws0Dzlb:1mZ7Pu:9C2GvjeX6m0mp2qJ32WHRpcGrPZDyoSV8cy5GotZFSQ", "expire_date": "2021-10-23T08:09:14.701Z"}}, {"model": "sessions.session", "pk": "c3b9sm89nt7atge9tl72hn9b5uu3obpm", "fields": {"session_data": ".eJxVjDsOwjAQBe_iGll24t9S0ucM1q4_OIBsKU4qxN1JpBTQvpl5b-ZxW4vfelr8HNmVSXb53QjDM9UDxAfWe-Oh1XWZiR8KP2nnU4vpdTvdv4OCvew1UjAKgAZB2Wk5unEg62QWWaKV1rhsMesMykaMkMCAEqBpRKWU3F32-QLZEzdU:1mKxJi:-A7NahlAVECJVi3nhTZnEhi8oPVnndiblXo6UvXFllA", "expire_date": "2021-09-14T06:32:18.867Z"}}, {"model": "sessions.session", "pk": "c6hquw2ck9hweoqnb74kwoub28h54l79", "fields": {"session_data": ".eJxVjMsOwiAUBf-FtSFQHqku3fsN5HC5SNVAUtqV8d8NSRe6PTNz3iJg30rYO69hSeIirBan3zGCnlwHSQ_Ue5PU6rYuUQ5FHrTLW0v8uh7u30FBL6MmGAUyymbjWRNPFqy8szNZAxszQH7iyOyQdfTIzswOZw1HpDzE5ws0Dzlb:1mbj1A:ERgZ6y_w6T24ksbwfwd23OEPhKpZx7SJE_3ECytQX_E", "expire_date": "2021-10-30T12:42:28.450Z"}}, {"model": "sessions.session", "pk": "ctn65t5bl62ulcrl0kppdui7agt4x8ti", "fields": {"session_data": ".eJxVjMsOwiAUBf-FtSFchEZcuvcbyH2AVA0kpV01_rvWdKHbM3NmVRGXucSlpymOos7KGXX4HQn5kepG5I711jS3Ok8j6U3RO-362iQ9L7v7FyjYy7crhsASo0NwwhDS52wGNINjzOACIwOJxWzoGE6WxXmfPGDI7IHV6w0sjDkd:1mbuLg:TAg4ZgmkYd0D657q7MU84P-atgcgQa9H5IYnHtHOtzQ", "expire_date": "2021-10-31T00:48:24.231Z"}}, {"model": "sessions.session", "pk": "fxyugzcxzmpnpcdpql8qzporlqzlwc9h", "fields": {"session_data": ".eJxVjDsOwjAQBe_iGll24t9S0ucM1q4_OIBsKU4qxN1JpBTQvpl5b-ZxW4vfelr8HNmVSXb53QjDM9UDxAfWe-Oh1XWZiR8KP2nnU4vpdTvdv4OCvew1UjAKgAZB2Wk5unEg62QWWaKV1rhsMesMykaMkMCAEqBpRKWU3F32-QLZEzdU:1mbMaQ:4DuMrIspEKfPIDyOPjyx9BSHexAfyOgL1x_-0bdH3r8", "expire_date": "2021-10-29T12:45:22.513Z"}}, {"model": "sessions.session", "pk": "g0ualf5u58biwfp7kbm4r3us93k6p4rl", "fields": {"session_data": ".eJxVjMsOwiAUBf-FtSFQHqku3fsN5HC5SNVAUtqV8d8NSRe6PTNz3iJg30rYO69hSeIirBan3zGCnlwHSQ_Ue5PU6rYuUQ5FHrTLW0v8uh7u30FBL6MmGAUyymbjWRNPFqy8szNZAxszQH7iyOyQdfTIzswOZw1HpDzE5ws0Dzlb:1mbJmz:uMpWDquz0gPOz3KjI319EjMJFpP81Wkgmj-CnG6Rogs", "expire_date": "2021-10-29T09:46:09.622Z"}}, {"model": "sessions.session", "pk": "ikgx5yytkx6hkfxu8nolz4zz375gem71", "fields": {"session_data": ".eJxVjDsOwjAQBe_iGll24t9S0ucM1q4_OIBsKU4qxN1JpBTQvpl5b-ZxW4vfelr8HNmVSXb53QjDM9UDxAfWe-Oh1XWZiR8KP2nnU4vpdTvdv4OCvew1UjAKgAZB2Wk5unEg62QWWaKV1rhsMesMykaMkMCAEqBpRKWU3F32-QLZEzdU:1mbIFZ:VmYVSbQMytpJtK9OBatul5PCzOSjC_1-2tWH_PQ-Gy4", "expire_date": "2021-10-29T08:07:33.306Z"}}, {"model": "sessions.session", "pk": "jochg9ncglzah45bjl80xmtnpj3pwao3", "fields": {"session_data": ".eJxVjMsOwiAUBf-FtSFQHqku3fsN5HC5SNVAUtqV8d8NSRe6PTNz3iJg30rYO69hSeIirBan3zGCnlwHSQ_Ue5PU6rYuUQ5FHrTLW0v8uh7u30FBL6MmGAUyymbjWRNPFqy8szNZAxszQH7iyOyQdfTIzswOZw1HpDzE5ws0Dzlb:1mZD6t:9sqIrmj3fDRik7fCW0wxr08HBGbDISHTpTmFi5XgWZo", "expire_date": "2021-10-23T14:13:59.819Z"}}, {"model": "sessions.session", "pk": "k9gm4hmbl2o6694rtzqihxjjmkmzdayk", "fields": {"session_data": ".eJxVjMsOwiAUBf-FtSFQHqku3fsN5HC5SNVAUtqV8d8NSRe6PTNz3iJg30rYO69hSeIirBan3zGCnlwHSQ_Ue5PU6rYuUQ5FHrTLW0v8uh7u30FBL6MmGAUyymbjWRNPFqy8szNZAxszQH7iyOyQdfTIzswOZw1HpDzE5ws0Dzlb:1mZkrS:xg15B0PmsJvdayOmDVxuUIPuriFS-ok6Gfur0nj1cbU", "expire_date": "2021-10-25T02:16:18.333Z"}}, {"model": "sessions.session", "pk": "kbgu7akyu15i7gmxo0432pu688qq9kzy", "fields": {"session_data": ".eJxVjDsOwjAQBe_iGll24t9S0ucM1q4_OIBsKU4qxN1JpBTQvpl5b-ZxW4vfelr8HNmVSXb53QjDM9UDxAfWe-Oh1XWZiR8KP2nnU4vpdTvdv4OCvew1UjAKgAZB2Wk5unEg62QWWaKV1rhsMesMykaMkMCAEqBpRKWU3F32-QLZEzdU:1mKxZ6:hwEZOnJgzVe9ZigjV6TTJ1KpugKg4pvt9pGWdZUzm3o", "expire_date": "2021-09-14T06:48:12.119Z"}}, {"model": "sessions.session", "pk": "l7851vveuppb293esq5jv47qqpus1tuo", "fields": {"session_data": ".eJxVjDsOwjAQBe_iGll24t9S0ucM1q4_OIBsKU4qxN1JpBTQvpl5b-ZxW4vfelr8HNmVSXb53QjDM9UDxAfWe-Oh1XWZiR8KP2nnU4vpdTvdv4OCvew1UjAKgAZB2Wk5unEg62QWWaKV1rhsMesMykaMkMCAEqBpRKWU3F32-QLZEzdU:1mKyKZ:pDkV-RsdFSPRr2O50bEoZjyX-rnmKjLVqAUJzbHxIDc", "expire_date": "2021-09-14T07:37:15.511Z"}}, {"model": "sessions.session", "pk": "nse8at87tt8ghqoaas1lk35trd8cg0pk", "fields": {"session_data": ".eJxVjMsOwiAUBf-FtSG8Lg-X7vsNBLggVQNJaVfGf7dNutDtmTnzJj5sa_XbyIufkVyJEOTyO8aQnrkdBB-h3TtNva3LHOmh0JMOOnXMr9vp_gVqGHV_5wAQHQuG66gsCEQQMmlkKVnFlSxZcogZHTgNoLlhMuo9b5zjvBRLPl_91zes:1mRR7I:Ys05u-MQGw6uDoiztfGqiUox4YL_SzXBp1ZaLUzLJCk", "expire_date": "2021-10-02T03:34:16.920Z"}}, {"model": "sessions.session", "pk": "o36qaefb18ze4pxylwif3z2prgjbqlnq", "fields": {"session_data": ".eJxVjDsOwjAQBe_iGll24t9S0ucM1q4_OIBsKU4qxN1JpBTQvpl5b-ZxW4vfelr8HNmVSXb53QjDM9UDxAfWe-Oh1XWZiR8KP2nnU4vpdTvdv4OCvew1UjAKgAZB2Wk5unEg62QWWaKV1rhsMesMykaMkMCAEqBpRKWU3F32-QLZEzdU:1mKyJr:870j5nRubLfqIT0Q0CFSYhK3UCqgsysEauR1xPgeBSc", "expire_date": "2021-09-14T07:36:31.537Z"}}, {"model": "sessions.session", "pk": "pu1i04l6yn5mxs9ma4mcde1luc4gv7s2", "fields": {"session_data": ".eJxVjMsOwiAUBf-FtSFQHqku3fsN5HC5SNVAUtqV8d8NSRe6PTNz3iJg30rYO69hSeIirBan3zGCnlwHSQ_Ue5PU6rYuUQ5FHrTLW0v8uh7u30FBL6MmGAUyymbjWRNPFqy8szNZAxszQH7iyOyQdfTIzswOZw1HpDzE5ws0Dzlb:1mZ2Ak:uuRhqvyV4F0qgdmunNmzpWMJBB33zghzKvpF7SSSvVA", "expire_date": "2021-10-23T02:33:14.073Z"}}, {"model": "sessions.session", "pk": "pwr60r576obv29liywfgvr2jf9n3435z", "fields": {"session_data": ".eJxVjDsOwjAQBe_iGll24t9S0ucM1q4_OIBsKU4qxN1JpBTQvpl5b-ZxW4vfelr8HNmVSXb53QjDM9UDxAfWe-Oh1XWZiR8KP2nnU4vpdTvdv4OCvew1UjAKgAZB2Wk5unEg62QWWaKV1rhsMesMykaMkMCAEqBpRKWU3F32-QLZEzdU:1mOd6Z:gnpJFngnEsh5YVr9ZbOEPw_331nINNyJUj1QnO__TA8", "expire_date": "2021-09-24T09:45:55.680Z"}}, {"model": "sessions.session", "pk": "r0a77e1ibdp5xn97joqv5rwfuydl948s", "fields": {"session_data": ".eJxVjDsOwjAQBe_iGll24t9S0ucM1q4_OIBsKU4qxN1JpBTQvpl5b-ZxW4vfelr8HNmVSXb53QjDM9UDxAfWe-Oh1XWZiR8KP2nnU4vpdTvdv4OCvew1UjAKgAZB2Wk5unEg62QWWaKV1rhsMesMykaMkMCAEqBpRKWU3F32-QLZEzdU:1mKyJQ:AJUDDSc69_1rFmn8km3jMKfTsx4svDYaqOXORwByUbU", "expire_date": "2021-09-14T07:36:04.651Z"}}, {"model": "sessions.session", "pk": "s96l3zx8nit7adq5wn1yhn96300i93gh", "fields": {"session_data": ".eJxVjMsOwiAUBf-FtSFQHqku3fsN5HC5SNVAUtqV8d8NSRe6PTNz3iJg30rYO69hSeIirBan3zGCnlwHSQ_Ue5PU6rYuUQ5FHrTLW0v8uh7u30FBL6MmGAUyymbjWRNPFqy8szNZAxszQH7iyOyQdfTIzswOZw1HpDzE5ws0Dzlb:1mbK5N:X6C7BhgIJtVtCzXFL_A12glh_XAm5Y-X1DHEKxlbO-g", "expire_date": "2021-10-29T10:05:09.964Z"}}, {"model": "sessions.session", "pk": "sv1picis115j2lsrt6hm231osxrcl3u0", "fields": {"session_data": ".eJxVjDsOwjAQRO_iGlm22fhDSc8ZrLV3jQPIkeKkQtydREoBxTTz3sxbRFyXGtfOcxxJXASAOP2WCfOT207oge0-yTy1ZR6T3BV50C5vE_Hrerh_BxV73dbn4DPiFhUSGwN-wMEV1rkgWyygtTXKU9aZFDC7QpaZAgUNDorV4vMFLOE4_g:1mbIFy:9afEbscyLet5pBdS6bU_66w16bU2U4e6l4682FLExLY", "expire_date": "2021-10-29T08:07:58.985Z"}}, {"model": "sessions.session", "pk": "szalj8m5pmo3scrppipn29yjpiiwd52i", "fields": {"session_data": ".eJxVjDsOwjAQBe_iGll24t9S0ucM1q4_OIBsKU4qxN1JpBTQvpl5b-ZxW4vfelr8HNmVSXb53QjDM9UDxAfWe-Oh1XWZiR8KP2nnU4vpdTvdv4OCvew1UjAKgAZB2Wk5unEg62QWWaKV1rhsMesMykaMkMCAEqBpRKWU3F32-QLZEzdU:1mbJsj:wRbLS5RCXm9ZJz4Sgg-A_jvvEWO2S8VPhqKMeHIurHo", "expire_date": "2021-10-29T09:52:05.700Z"}}, {"model": "sessions.session", "pk": "tvjor7rbl6x8och32fhk6f2q6fsr63dy", "fields": {"session_data": ".eJxVjMsOwiAUBf-FtSFQHqku3fsN5HC5SNVAUtqV8d8NSRe6PTNz3iJg30rYO69hSeIirBan3zGCnlwHSQ_Ue5PU6rYuUQ5FHrTLW0v8uh7u30FBL6MmGAUyymbjWRNPFqy8szNZAxszQH7iyOyQdfTIzswOZw1HpDzE5ws0Dzlb:1mZ73b:xO_m4JrDnKQYLvvZz2Wk5V_0KZZmcOREvMYbIIMBiWs", "expire_date": "2021-10-23T07:46:11.370Z"}}, {"model": "sessions.session", "pk": "u42o95pdjyolq6px5i45g8pob8j47930", "fields": {"session_data": ".eJxVjMsOwiAUBf-FtSFQHqku3fsN5HC5SNVAUtqV8d8NSRe6PTNz3iJg30rYO69hSeIirBan3zGCnlwHSQ_Ue5PU6rYuUQ5FHrTLW0v8uh7u30FBL6MmGAUyymbjWRNPFqy8szNZAxszQH7iyOyQdfTIzswOZw1HpDzE5ws0Dzlb:1mbGr0:B_nsct8YX-xKH_ehliIuf4CyhXKCBpA6Y7OYoqGaUt8", "expire_date": "2021-10-29T06:38:06.505Z"}}, {"model": "sessions.session", "pk": "v8qh803swue2ymd4n4vxycp3hay090rg", "fields": {"session_data": ".eJxVjDsOwjAQBe_iGll27LCYkp4zWPszDqBEipMKcXeIlALaNzPvZTKuS81r0zkPYs4mmsPvRsgPHTcgdxxvk-VpXOaB7KbYnTZ7nUSfl939O6jY6rcm4NCVooEBhYJzEiUdIUJgF2OXWIMvkCid2GvpBcWjEkunfQACb94fAOk4wQ:1mL0bh:OJRJ8rHLYSZXFqg0SBoMhU_PnbrOV2fr6zHeaz2cMWQ", "expire_date": "2021-09-14T10:03:05.467Z"}}, {"model": "sessions.session", "pk": "wcju80rluyw5ivlm5fcxjb5oldmh7ly4", "fields": {"session_data": ".eJxVjMsOwiAUBf-FtSFQHqku3fsN5HC5SNVAUtqV8d8NSRe6PTNz3iJg30rYO69hSeIirBan3zGCnlwHSQ_Ue5PU6rYuUQ5FHrTLW0v8uh7u30FBL6MmGAUyymbjWRNPFqy8szNZAxszQH7iyOyQdfTIzswOZw1HpDzE5ws0Dzlb:1mbK1r:9lCz5bBcBwWaM3CQngHkVNb5JQ8p0nJNFxCq-K7XCps", "expire_date": "2021-10-29T10:01:31.620Z"}}, {"model": "sessions.session", "pk": "wq8nlqaf30gknpaf9jzowoth1g2fj2b5", "fields": {"session_data": ".eJxVjMsOwiAUBf-FtSFQHqku3fsN5HC5SNVAUtqV8d8NSRe6PTNz3iJg30rYO69hSeIirBan3zGCnlwHSQ_Ue5PU6rYuUQ5FHrTLW0v8uh7u30FBL6MmGAUyymbjWRNPFqy8szNZAxszQH7iyOyQdfTIzswOZw1HpDzE5ws0Dzlb:1maEvL:7XCe1iqv0Tgzb2t_xWg9g_TWQG4qUGXp2Db3CPsGroo", "expire_date": "2021-10-26T10:22:19.083Z"}}, {"model": "sessions.session", "pk": "wz84ltvz12tyegch889pebz39rwftoeg", "fields": {"session_data": ".eJxVjMsOwiAUBf-FtSFQHqku3fsN5HC5SNVAUtqV8d8NSRe6PTNz3iJg30rYO69hSeIirBan3zGCnlwHSQ_Ue5PU6rYuUQ5FHrTLW0v8uh7u30FBL6MmGAUyymbjWRNPFqy8szNZAxszQH7iyOyQdfTIzswOZw1HpDzE5ws0Dzlb:1mYfoz:oHqdHRRE_UtQS-ew4_QVh9Lr4GaOqzgHV0Lfk_EWUdU", "expire_date": "2021-10-22T02:41:17.538Z"}}, {"model": "sessions.session", "pk": "x9ajakkuunlnxa1na3rrd3omkdll6s6o", "fields": {"session_data": ".eJxVjDsOwjAQBe_iGll24t9S0ucM1q4_OIBsKU4qxN1JpBTQvpl5b-ZxW4vfelr8HNmVSXb53QjDM9UDxAfWe-Oh1XWZiR8KP2nnU4vpdTvdv4OCvew1UjAKgAZB2Wk5unEg62QWWaKV1rhsMesMykaMkMCAEqBpRKWU3F32-QLZEzdU:1mScwm:U6Wv22yRybCYosm4T-UCub_kUspjZeoZsU1awfJ1zH0", "expire_date": "2021-10-05T10:24:20.835Z"}}, {"model": "sessions.session", "pk": "xdv30l1sdedxsei7ed84yx6b8r9z3l9y", "fields": {"session_data": ".eJxVjMsOwiAUBf-FtSFQHqku3fsN5HC5SNVAUtqV8d8NSRe6PTNz3iJg30rYO69hSeIirBan3zGCnlwHSQ_Ue5PU6rYuUQ5FHrTLW0v8uh7u30FBL6MmGAUyymbjWRNPFqy8szNZAxszQH7iyOyQdfTIzswOZw1HpDzE5ws0Dzlb:1mbGgF:M3PwdsntQ0g8Yhorwhm5tjDVVpITM9UR14WCG2mfVaQ", "expire_date": "2021-10-29T06:26:59.284Z"}}, {"model": "sessions.session", "pk": "zqrg8mtkbxtu3x2dcyxvjoz246nmejc9", "fields": {"session_data": ".eJxVjMsOwiAUBf-FtSFchEZcuvcbyH2AVA0kpV01_rvWdKHbM3NmVRGXucSlpymOos7KGXX4HQn5kepG5I711jS3Ok8j6U3RO-362iQ9L7v7FyjYy7crhsASo0NwwhDS52wGNINjzOACIwOJxWzoGE6WxXmfPGDI7IHV6w0sjDkd:1mc6nl:PgZCnHQcjHC5q5IHQUoO9ngSRW5NMTxoislAcy54oxU", "expire_date": "2021-10-31T14:06:13.354Z"}}, {"model": "star_ratings.rating", "pk": 1, "fields": {"count": 1, "total": 1, "average": "1.000", "content_type": 1, "object_id": 40}}, {"model": "star_ratings.rating", "pk": 2, "fields": {"count": 0, "total": 0, "average": "0.000", "content_type": 1, "object_id": 42}}, {"model": "star_ratings.rating", "pk": 3, "fields": {"count": 0, "total": 0, "average": "0.000", "content_type": 1, "object_id": 41}}, {"model": "star_ratings.rating", "pk": 4, "fields": {"count": 0, "total": 0, "average": "0.000", "content_type": 1, "object_id": 44}}, {"model": "star_ratings.userrating", "pk": 1, "fields": {"created": "2021-10-09T07:56:26.045Z", "modified": "2021-10-09T10:56:53.646Z", "user": 41, "ip": "127.0.0.1", "score": 1, "rating": 1}}]